,NAME,ID,N_SWINGS,N_TAKES,N_P,GOOD_SWINGS,G%S,GS%,GS_RV,BAD_SWINGS,B%S,BS%,BS_RV,SRV,GOOD_TAKES,G%T,GT%,GT_RV,BAD_TAKES,B%T,BT%,BT_RV,TRV,EXP_RV,TOT_RV,SWTR,SWTR_Per650,Total_Percentile,Rate_Percentile
0,"Judge, Aaron",592450,1240,1665,2905,881,71.0,30.3,39.8,359,29.0,12.4,-24.0,15.8,1066,64.0,36.7,50.6,599,36.0,20.6,-16.8,33.8,45.1,49.5,4.4,3.9,85,62
1,"Hoskins, Rhys",656555,1213,1684,2897,875,72.1,30.2,39.8,338,27.9,11.7,-21.6,18.3,1045,62.1,36.1,49.1,639,37.9,22.1,-19.3,29.8,44.3,48.1,3.7,3.3,81,59
2,"Olson, Matt",621566,1431,1459,2890,1040,72.7,36.0,43.5,391,27.3,13.5,-25.3,18.3,952,65.3,32.9,46.5,507,34.7,17.5,-9.8,36.7,46.1,54.9,8.9,7.8,94,78
3,"Schwarber, Kyle",656941,1160,1710,2870,891,76.8,31.0,37.5,269,23.2,9.4,-15.1,22.4,1039,60.8,36.2,49.3,671,39.2,23.4,-22.5,26.8,41.6,49.3,7.6,6.8,92,75
4,"Lindor, Francisco",596019,1350,1477,2827,951,70.4,33.6,38.9,399,29.6,14.1,-24.7,14.2,921,62.4,32.6,40.0,556,37.6,19.7,-10.9,29.1,40.0,43.3,3.3,3.0,79,57
5,"Profar, Jurickson",595777,1209,1573,2782,899,74.4,32.3,36.4,310,25.6,11.1,-17.0,19.4,973,61.9,35.0,42.6,600,38.1,21.6,-14.8,27.8,36.2,47.2,11.0,10.0,97,88
6,"Nimmo, Brandon",607043,1214,1564,2778,942,77.6,33.9,40.1,272,22.4,9.8,-14.0,26.2,922,59.0,33.2,42.0,642,41.0,23.1,-19.7,22.3,39.8,48.4,8.6,7.9,94,79
7,"Semien, Marcus",543760,1310,1466,2776,968,73.9,34.9,38.2,342,26.1,12.3,-19.8,18.3,959,65.4,34.5,41.6,507,34.6,18.3,-9.1,32.5,39.2,50.8,11.5,10.6,98,91
8,"Soto, Juan",665742,976,1784,2760,777,79.6,28.2,32.6,199,20.4,7.2,-11.1,21.5,1137,63.7,41.2,57.8,647,36.3,23.4,-21.0,36.8,44.0,58.3,14.3,13.1,99,96
9,"Freeman, Freddie",518692,1357,1398,2755,1027,75.7,37.3,42.8,330,24.3,12.0,-19.2,23.6,929,66.5,33.7,42.2,469,33.5,17.0,-7.5,34.7,41.2,58.3,17.1,15.8,100,97
10,"Swanson, Dansby",621020,1359,1392,2751,999,73.5,36.3,43.1,360,26.5,13.1,-20.1,23.0,918,65.9,33.4,39.6,474,34.1,17.2,-13.3,26.3,34.2,49.2,15.0,13.9,99,96
11,"Yelich, Christian",592885,1185,1560,2745,901,76.0,32.8,39.3,284,24.0,10.3,-17.3,22.0,965,61.9,35.2,45.1,595,38.1,21.7,-13.9,31.2,43.6,53.2,9.7,9.0,96,84
12,"Ramírez, José",608070,1264,1473,2737,865,68.4,31.6,39.2,399,31.6,14.6,-24.2,14.9,940,63.8,34.3,42.2,533,36.2,19.5,-9.8,32.4,42.7,47.4,4.7,4.3,86,64
13,"Abreu, José",547989,1291,1436,2727,880,68.2,32.3,41.6,411,31.8,15.1,-28.5,13.1,879,61.2,32.2,40.7,557,38.8,20.4,-12.3,28.3,42.8,41.5,-1.4,-1.3,19,32
14,"Turner, Trea",607208,1393,1327,2720,982,70.5,36.1,45.0,411,29.5,15.1,-26.4,18.6,845,63.7,31.1,36.4,482,36.3,17.7,-10.1,26.4,41.3,45.0,3.7,3.4,81,60
15,"Goldschmidt, Paul",502671,1127,1574,2701,797,70.7,29.5,34.1,330,29.3,12.2,-20.0,14.1,949,60.3,35.1,43.5,625,39.7,23.1,-17.1,26.4,39.1,40.5,1.4,1.3,65,48
16,"Cronenworth, Jake",630105,1113,1551,2664,855,76.8,32.1,36.4,258,23.2,9.7,-14.2,22.1,884,57.0,33.2,39.8,667,43.0,25.0,-23.3,16.6,36.8,38.7,2.0,1.9,71,51
17,"Kwan, Steven",680757,997,1637,2634,773,77.5,29.3,29.8,224,22.5,8.5,-12.0,17.8,923,56.4,35.0,36.8,714,43.6,27.1,-18.8,18.0,33.8,35.8,2.0,1.9,71,51
18,"Riley, Austin",663586,1361,1280,2641,934,68.6,35.4,39.8,427,31.4,16.2,-24.8,15.0,893,69.8,33.8,41.9,387,30.2,14.7,-7.6,34.3,39.4,49.3,9.9,9.5,96,87
19,"Chapman, Matt",656305,1100,1537,2637,852,77.5,32.3,37.5,248,22.5,9.4,-16.1,21.4,995,64.7,37.7,43.2,542,35.3,20.6,-16.9,26.4,37.3,47.8,10.5,10.1,97,89
20,"Santander, Anthony",623993,1249,1366,2615,876,70.1,33.5,39.1,373,29.9,14.3,-21.5,17.6,830,60.8,31.7,37.7,536,39.2,20.5,-13.3,24.4,41.9,42.0,0.1,0.1,43,41
21,"Suárez, Eugenio",553993,1095,1522,2617,805,73.5,30.8,34.7,290,26.5,11.1,-17.3,17.5,937,61.6,35.8,44.1,585,38.4,22.4,-17.6,26.5,40.4,44.0,3.6,3.5,81,60
22,"Guerrero Jr., Vladimir",665489,1291,1305,2596,835,64.7,32.2,34.3,456,35.3,17.6,-28.7,5.7,873,66.9,33.6,39.4,432,33.1,16.6,-10.4,29.1,35.1,34.7,-0.4,-0.4,30,37
23,"Happ, Ian",664023,1247,1302,2549,900,72.2,35.3,37.0,347,27.8,13.6,-20.1,16.9,861,66.1,33.8,36.5,441,33.9,17.3,-9.9,26.6,33.8,43.4,9.7,9.7,96,87
24,"McMahon, Ryan",641857,1156,1403,2559,847,73.3,33.1,39.5,309,26.7,12.1,-19.5,20.0,849,60.5,33.2,36.8,554,39.5,21.6,-18.1,18.7,36.8,38.7,2.0,2.0,71,52
25,"Ohtani, Shohei",660271,1254,1292,2546,904,72.1,35.5,41.4,350,27.9,13.7,-20.3,21.1,863,66.8,33.9,37.5,429,33.2,16.8,-13.9,23.7,36.9,44.8,7.8,7.8,93,78
26,"Walker, Christian",572233,1137,1406,2543,822,72.3,32.3,35.5,315,27.7,12.4,-19.7,15.8,952,67.7,37.4,43.5,454,32.3,17.9,-11.1,32.4,35.1,48.2,13.0,13.0,99,95
27,"García, Adolis",666969,1357,1180,2537,917,67.6,36.1,40.8,440,32.4,17.3,-29.7,11.0,784,66.4,30.9,33.4,396,33.6,15.6,-8.2,25.2,36.4,36.2,-0.2,-0.2,35,39
28,"Arozarena, Randy",668227,1163,1362,2525,784,67.4,31.0,33.5,379,32.6,15.0,-24.6,9.0,842,61.8,33.3,37.2,520,38.2,20.6,-14.5,22.7,34.3,31.6,-2.7,-2.7,10,27
29,"Lowe, Nathaniel",663993,1318,1206,2524,974,73.9,38.6,40.8,344,26.1,13.6,-20.8,20.0,780,64.7,30.9,34.0,426,35.3,16.9,-10.4,23.6,36.1,43.6,7.6,7.6,92,77
30,"Bichette, Bo",666182,1411,1111,2522,992,70.3,39.3,43.6,419,29.7,16.6,-25.9,17.7,743,66.9,29.5,31.3,368,33.1,14.6,-7.6,23.7,36.0,41.4,5.4,5.4,89,69
31,"Bregman, Alex",608324,1015,1506,2521,770,75.9,30.5,31.0,245,24.1,9.7,-13.0,17.9,1033,68.6,41.0,50.3,473,31.4,18.8,-10.6,39.7,36.6,57.6,21.0,21.2,100,100
32,"Alonso, Pete",624413,1250,1257,2507,834,66.7,33.3,34.2,416,33.3,16.6,-27.8,6.5,836,66.5,33.3,38.5,421,33.5,16.8,-9.5,29.0,37.9,35.5,-2.4,-2.4,11,28
33,"Pham, Tommy",502054,1050,1453,2503,770,73.3,30.8,31.8,280,26.7,11.2,-16.3,15.5,850,58.5,34.0,34.6,603,41.5,24.1,-16.5,18.2,29.3,33.7,4.4,4.5,85,64
34,"Bell, Josh",605137,1136,1369,2505,809,71.2,32.3,37.6,327,28.8,13.1,-21.0,16.6,905,66.1,36.1,43.4,464,33.9,18.5,-11.7,31.6,40.1,48.3,8.2,8.3,94,81
35,"Cron, C.J.",543068,1193,1307,2500,790,66.2,31.6,38.1,403,33.8,16.1,-27.3,10.8,805,61.6,32.2,31.6,502,38.4,20.1,-15.7,15.9,34.7,26.6,-8.1,-8.2,1,9
36,"Bogaerts, Xander",593428,1142,1358,2500,776,68.0,31.0,32.8,366,32.0,14.6,-21.7,11.1,878,64.7,35.1,38.6,480,35.3,19.2,-11.9,26.7,33.2,37.8,4.6,4.7,86,66
37,"Verdugo, Alex",657077,1127,1363,2490,798,70.8,32.0,32.5,329,29.2,13.2,-21.1,11.4,808,59.3,32.4,32.5,555,40.7,22.3,-14.5,18.0,27.7,29.4,1.7,1.8,69,50
38,"Crawford, J.P.",641487,1015,1454,2469,763,75.2,30.9,31.0,252,24.8,10.2,-14.2,16.9,892,61.3,36.1,40.0,562,38.7,22.8,-15.7,24.3,34.1,41.2,7.1,7.3,91,76
39,"Adames, Willy",642715,1222,1244,2466,874,71.5,35.4,38.2,348,28.5,14.1,-19.9,18.3,792,63.7,32.1,34.9,452,36.3,18.3,-11.6,23.3,37.5,41.6,4.1,4.3,83,64
40,"Mullins, Cedric",656775,1248,1197,2445,908,72.8,37.1,40.1,340,27.2,13.9,-20.0,20.1,752,62.8,30.8,31.1,445,37.2,18.2,-9.7,21.4,34.0,41.4,7.4,7.7,92,78
41,"Muncy, Max",571970,936,1496,2432,758,81.0,31.2,34.1,178,19.0,7.3,-9.1,25.0,882,59.0,36.3,42.9,614,41.0,25.2,-17.5,25.4,39.1,50.4,11.3,11.8,98,93
42,"Betts, Mookie",605141,1072,1356,2428,804,75.0,33.1,33.4,268,25.0,11.0,-16.8,16.5,872,64.3,35.9,37.5,484,35.7,19.9,-14.1,23.4,30.2,40.0,9.8,10.2,96,89
43,"Flores, Wilmer",527038,1106,1319,2425,836,75.6,34.5,35.8,270,24.4,11.1,-16.2,19.6,834,63.2,34.4,37.2,485,36.8,20.0,-12.0,25.2,35.7,44.8,9.1,9.5,95,87
44,"Correa, Carlos",621043,1073,1346,2419,745,69.4,30.8,30.3,328,30.6,13.6,-19.3,10.9,836,62.1,34.6,37.9,510,37.9,21.1,-16.2,21.7,33.3,32.6,-0.7,-0.7,26,35
45,"Arraez, Luis",650333,1031,1379,2410,790,76.6,32.8,34.3,241,23.4,10.0,-12.2,22.2,822,59.6,34.1,34.5,557,40.4,23.1,-12.2,22.3,35.1,44.5,9.4,9.9,95,88
46,"Rosario, Amed",642708,1272,1123,2395,827,65.0,34.5,36.5,445,35.0,18.6,-28.8,7.8,669,59.6,27.9,26.1,454,40.4,19.0,-12.1,14.0,28.7,21.8,-6.8,-7.2,1,12
47,"Tellez, Rowdy",642133,1038,1352,2390,720,69.4,30.1,32.5,318,30.6,13.3,-20.4,12.2,780,57.7,32.6,34.4,572,42.3,23.9,-15.4,19.0,36.3,31.2,-5.2,-5.5,3,17
48,"Martinez, J.D.",502110,1241,1148,2389,877,70.7,36.7,37.8,364,29.3,15.2,-23.9,13.9,778,67.8,32.6,34.7,370,32.2,15.5,-9.1,25.6,36.5,39.5,3.0,3.1,78,58
49,"Smith, Will",669257,1010,1363,2373,795,78.7,33.5,34.8,215,21.3,9.1,-14.2,20.7,871,63.9,36.7,40.0,492,36.1,20.7,-14.1,25.9,36.4,46.5,10.2,10.9,96,92
50,"Murphy, Sean",669221,1170,1202,2372,800,68.4,33.7,32.3,370,31.6,15.6,-22.8,9.6,762,63.4,32.1,33.5,440,36.6,18.5,-10.5,23.0,30.7,32.6,1.8,2.0,70,52
51,"Machado, Manny",592518,1205,1166,2371,825,68.5,34.8,35.6,380,31.5,16.0,-24.5,11.1,782,67.1,33.0,34.7,384,32.9,16.2,-8.0,26.8,33.4,37.8,4.5,4.8,86,66
52,"Hernández, César",514917,1104,1243,2347,841,76.2,35.8,33.7,263,23.8,11.2,-14.7,19.0,781,62.8,33.3,31.3,462,37.2,19.7,-11.5,19.8,29.0,38.8,9.8,10.6,96,91
53,"Mancini, Trey",641820,1139,1229,2368,776,68.1,32.8,35.2,363,31.9,15.3,-22.9,12.3,768,62.5,32.4,35.4,461,37.5,19.5,-10.5,24.9,38.6,37.2,-1.3,-1.4,20,31
54,"McCutchen, Andrew",457705,1062,1302,2364,815,76.7,34.5,35.3,247,23.3,10.4,-13.6,21.7,832,63.9,35.2,37.2,470,36.1,19.9,-12.6,24.6,32.2,46.3,14.1,15.2,99,97
55,"Straw, Myles",664702,952,1404,2356,754,79.2,32.0,31.8,198,20.8,8.4,-12.0,19.8,804,57.3,34.1,33.7,600,42.7,25.5,-18.0,15.6,30.5,35.5,5.0,5.4,87,69
56,"Kim, Ha-Seong",673490,1017,1335,2352,756,74.3,32.1,31.0,261,25.7,11.1,-14.7,16.2,811,60.7,34.5,32.9,524,39.3,22.3,-15.6,17.3,29.5,33.5,4.0,4.4,82,64
57,"Yastrzemski, Mike",573262,990,1341,2331,762,77.0,32.7,33.4,228,23.0,9.8,-13.5,19.9,818,61.0,35.1,37.4,523,39.0,22.4,-16.2,21.2,32.6,41.1,8.5,9.3,94,86
58,"Mountcastle, Ryan",663624,1314,1026,2340,861,65.5,36.8,37.3,453,34.5,19.4,-30.6,6.7,733,71.4,31.3,33.1,293,28.6,12.5,-5.8,27.3,35.7,34.0,-1.8,-1.9,15,29
59,"Witt Jr., Bobby",677951,1209,1123,2332,836,69.1,35.8,38.5,373,30.9,16.0,-22.1,16.4,715,63.7,30.7,27.3,408,36.3,17.5,-8.3,19.0,32.9,35.5,2.6,2.8,76,56
60,"Arenado, Nolan",571448,1127,1203,2330,723,64.2,31.0,29.4,404,35.8,17.3,-23.3,6.1,769,63.9,33.0,34.9,434,36.1,18.6,-10.0,24.9,31.3,31.0,-0.4,-0.4,30,37
61,"Edman, Tommy",669242,1087,1235,2322,765,70.4,32.9,34.2,322,29.6,13.9,-21.1,13.1,711,57.6,30.6,28.8,524,42.4,22.6,-12.6,16.2,29.5,29.3,-0.2,-0.2,35,39
62,"Varsho, Daulton",662139,1157,1147,2304,850,73.5,36.9,34.1,307,26.5,13.3,-18.1,15.9,669,58.3,29.0,29.7,478,41.7,20.7,-12.5,17.2,32.5,33.2,0.6,0.7,53,44
63,"Altuve, Jose",514888,1011,1286,2297,690,68.2,30.0,29.2,321,31.8,14.0,-19.4,9.8,805,62.6,35.0,37.6,481,37.4,20.9,-14.5,23.2,35.6,33.0,-2.7,-3.0,10,25
64,"Reynolds, Bryan",668804,1160,1142,2302,847,73.0,36.8,36.8,313,27.0,13.6,-19.2,17.7,767,67.2,33.3,35.2,375,32.8,16.3,-8.1,27.1,31.3,44.8,13.5,14.9,99,97
65,"Bohm, Alec",664761,1177,1124,2301,808,68.6,35.1,33.7,369,31.4,16.0,-23.5,10.1,731,65.0,31.8,30.3,393,35.0,17.1,-10.3,20.0,29.6,30.1,0.6,0.6,53,43
66,"Bellinger, Cody",641355,1147,1153,2300,821,71.6,35.7,34.7,326,28.4,14.2,-20.4,14.4,725,62.9,31.5,31.3,428,37.1,18.6,-9.0,22.2,34.6,36.6,2.0,2.2,71,54
67,"Ward, Taylor",621493,951,1345,2296,723,76.0,31.5,31.9,228,24.0,9.9,-11.1,20.9,842,62.6,36.7,37.0,503,37.4,21.9,-12.0,25.0,34.7,45.9,11.1,12.3,98,94
68,"Seager, Corey",608369,1236,1032,2268,866,70.1,38.2,35.7,370,29.9,16.3,-25.3,10.5,727,70.4,32.1,32.7,305,29.6,13.4,-5.6,27.1,33.3,37.6,4.2,4.7,84,66
69,"Tucker, Kyle",663656,1191,1069,2260,896,75.2,39.6,38.5,295,24.8,13.1,-19.8,18.8,740,69.2,32.7,35.0,329,30.8,14.6,-4.3,30.6,34.6,49.4,14.8,16.7,99,99
70,"Andrus, Elvis",462101,1024,1226,2250,703,68.7,31.2,28.5,321,31.3,14.3,-19.5,9.0,712,58.1,31.6,30.8,514,41.9,22.8,-12.8,18.0,29.6,26.9,-2.6,-3.0,11,25
71,"Voit, Luke",572228,1169,1079,2248,827,70.7,36.8,36.5,342,29.3,15.2,-20.3,16.3,742,68.8,33.0,36.8,337,31.2,15.0,-9.0,27.7,33.1,44.0,10.9,12.3,97,94
72,"Drury, Brandon",592273,1030,1212,2242,717,69.6,32.0,32.1,313,30.4,14.0,-19.8,12.2,732,60.4,32.6,30.4,480,39.6,21.4,-15.8,14.6,31.2,26.8,-4.4,-5.0,4,18
73,"Wisdom, Patrick",621550,1061,1141,2202,787,74.2,35.7,35.0,274,25.8,12.4,-20.2,14.8,743,65.1,33.7,32.7,398,34.9,18.1,-11.8,21.0,33.2,35.8,2.5,2.9,75,57
74,"Devers, Rafael",646240,1216,1013,2229,811,66.7,36.4,34.9,405,33.3,18.2,-26.9,8.0,687,67.8,30.8,31.3,326,32.2,14.6,-7.4,23.9,30.6,31.9,1.3,1.5,63,48
75,"Winker, Jesse",608385,964,1263,2227,749,77.7,33.6,29.8,215,22.3,9.7,-12.2,17.6,825,65.3,37.0,40.7,438,34.7,19.7,-13.4,27.3,34.2,45.0,10.7,12.2,97,94
76,"Hayes, Ke'Bryan",663647,964,1263,2227,686,71.2,30.8,30.0,278,28.8,12.5,-18.3,11.7,765,60.6,34.4,32.5,498,39.4,22.4,-16.3,16.3,31.9,27.9,-4.0,-4.5,6,20
77,"Torres, Gleyber",650402,1100,1123,2223,814,74.0,36.6,35.4,286,26.0,12.9,-17.1,18.3,754,67.1,33.9,31.8,369,32.9,16.6,-10.6,21.2,31.8,39.6,7.8,8.9,93,84
78,"Grisham, Trent",663757,841,1360,2201,652,77.5,29.6,29.4,189,22.5,8.6,-12.2,17.2,792,58.2,36.0,34.2,568,41.8,25.8,-19.1,15.1,29.1,32.4,3.2,3.7,79,61
79,"Canha, Mark",592192,950,1267,2217,709,74.6,32.0,27.7,241,25.4,10.9,-12.0,15.6,761,60.1,34.3,32.4,506,39.9,22.8,-14.3,18.1,30.3,33.7,3.4,3.9,80,62
80,"France, Ty",664034,1160,1051,2211,814,70.2,36.8,32.2,346,29.8,15.6,-21.8,10.4,721,68.6,32.6,29.6,330,31.4,14.9,-6.4,23.2,30.4,33.6,3.2,3.6,79,61
81,"Thomas, Lane",657041,973,1231,2204,733,75.3,33.3,29.1,240,24.7,10.9,-13.9,15.2,699,56.8,31.7,30.2,532,43.2,24.1,-16.7,13.5,29.4,28.7,-0.7,-0.9,26,34
82,"Kirk, Alejandro",672386,901,1299,2200,690,76.6,31.4,30.1,211,23.4,9.6,-11.7,18.4,818,63.0,37.2,37.6,481,37.0,21.9,-12.7,24.9,32.6,43.3,10.8,12.4,97,95
83,"Brown, Seth",664913,1058,1136,2194,764,72.2,34.8,35.0,294,27.8,13.4,-19.9,15.1,725,63.8,33.0,33.3,411,36.2,18.7,-11.1,22.2,32.7,37.3,4.6,5.3,86,68
84,"Melendez, MJ",669004,979,1217,2196,759,77.5,34.6,32.4,220,22.5,10.0,-11.6,20.8,748,61.5,34.1,35.7,469,38.5,21.4,-11.7,24.0,35.6,44.8,9.3,10.7,95,91
85,"Alvarez, Yordan",670541,936,1258,2194,653,69.8,29.8,28.0,283,30.2,12.9,-18.1,9.9,808,64.2,36.8,39.6,450,35.8,20.5,-13.5,26.0,34.0,35.9,1.9,2.2,70,54
86,"Realmuto, J.T.",592663,1075,1118,2193,752,70.0,34.3,32.5,323,30.0,14.7,-20.4,12.1,699,62.5,31.9,29.7,419,37.5,19.1,-9.5,20.2,30.7,32.3,1.6,1.8,67,50
87,"Frazier, Adam",624428,1063,1123,2186,799,75.2,36.6,32.0,264,24.8,12.1,-15.9,16.0,696,62.0,31.8,30.2,427,38.0,19.5,-11.2,19.0,26.0,35.0,9.0,10.5,95,90
88,"Donaldson, Josh",518626,1027,1145,2172,735,71.6,33.8,28.6,292,28.4,13.4,-18.1,10.5,711,62.1,32.7,31.4,434,37.9,20.0,-12.8,18.6,29.1,29.1,-0.0,-0.0,40,40
89,"Springer, George",543807,1108,1067,2175,792,71.5,36.4,33.0,316,28.5,14.5,-18.4,14.6,754,70.7,34.7,36.7,313,29.3,14.4,-6.2,30.5,29.4,45.1,15.7,18.3,100,99
90,"Acuña Jr., Ronald",660670,1035,1127,2162,759,73.3,35.1,34.3,276,26.7,12.8,-15.3,19.0,768,68.1,35.5,34.4,359,31.9,16.6,-8.7,25.7,35.4,44.7,9.3,10.9,95,92
91,"Marte, Ketel",606466,992,1164,2156,710,71.6,32.9,33.5,282,28.4,13.1,-16.4,17.1,685,58.8,31.8,31.1,479,41.2,22.2,-10.0,21.1,33.1,38.2,5.1,6.0,88,72
92,"Díaz, Yandy",650490,891,1266,2157,681,76.4,31.6,26.9,210,23.6,9.7,-11.1,15.7,796,62.9,36.9,37.2,470,37.1,21.8,-12.3,24.9,31.9,40.6,8.8,10.4,94,90
93,"LeMahieu, DJ",518934,845,1302,2147,617,73.0,28.7,25.1,228,27.0,10.6,-14.9,10.2,743,57.1,34.6,34.1,559,42.9,26.0,-18.6,15.6,25.2,25.7,0.5,0.6,51,43
94,"Farmer, Kyle",571657,1065,1060,2125,677,63.6,31.9,27.4,388,36.4,18.3,-26.1,1.4,621,58.6,29.2,24.7,439,41.4,20.7,-9.2,15.5,24.9,16.9,-8.0,-9.5,1,7
95,"Turner, Justin",457759,1034,1110,2144,737,71.3,34.4,32.8,297,28.7,13.9,-16.9,15.9,735,66.2,34.3,33.5,375,33.8,17.5,-8.0,25.5,32.4,41.4,9.0,10.6,95,91
96,"Gurriel, Yuli",493329,1027,1089,2116,679,66.1,32.1,27.0,348,33.9,16.4,-21.2,5.8,670,61.5,31.7,26.3,419,38.5,19.8,-10.6,15.6,19.8,21.4,1.6,1.9,67,51
97,"Rizzo, Anthony",519203,969,1137,2106,677,69.9,32.1,27.4,292,30.1,13.9,-18.6,8.7,711,62.5,33.8,31.4,426,37.5,20.2,-9.8,21.6,28.0,30.3,2.3,2.8,74,56
98,"Rodgers, Brendan",663898,1044,1068,2112,745,71.4,35.3,29.3,299,28.6,14.2,-16.0,13.3,689,64.5,32.6,30.6,379,35.5,17.9,-7.4,23.2,25.7,36.4,10.7,12.9,97,95
99,"Trout, Mike",545361,914,1191,2105,663,72.5,31.5,30.0,251,27.5,11.9,-14.5,15.5,751,63.1,35.7,35.5,440,36.9,20.9,-9.1,26.4,37.8,41.9,4.1,4.9,83,67
100,"Vogelbach, Daniel",596129,676,1426,2102,499,73.8,23.7,22.9,177,26.2,8.4,-7.9,15.0,804,56.4,38.2,36.8,622,43.6,29.6,-24.7,12.2,31.3,27.2,-4.1,-4.9,6,19
101,"Báez, Javier",595879,1168,924,2092,626,53.6,29.9,27.8,542,46.4,25.9,-37.1,-9.3,564,61.0,27.0,22.7,360,39.0,17.2,-9.8,12.9,25.7,3.6,-22.1,-26.9,0,0
102,"Escobar, Eduardo",500871,1095,994,2089,766,70.0,36.7,28.5,329,30.0,15.7,-18.8,9.8,628,63.2,30.1,25.3,366,36.8,17.5,-8.0,17.4,27.5,27.2,-0.4,-0.5,30,36
103,"Vaughn, Andrew",683734,980,1105,2085,686,70.0,32.9,31.7,294,30.0,14.1,-16.7,15.0,643,58.2,30.8,26.1,462,41.8,22.2,-12.3,13.8,28.6,28.8,0.1,0.2,43,42
104,"Blackmon, Charlie",453568,1071,1009,2080,751,70.1,36.1,31.5,320,29.9,15.4,-20.7,10.8,621,61.5,29.9,25.8,388,38.5,18.7,-10.2,15.6,24.4,26.4,2.0,2.4,71,55
105,"Rodríguez, Julio",677594,1046,1038,2084,698,66.7,33.5,30.4,348,33.3,16.7,-23.1,7.3,652,62.8,31.3,28.1,386,37.2,18.5,-8.5,19.6,30.8,26.9,-3.9,-4.8,7,19
106,"Hernández, Teoscar",606192,1017,1065,2082,704,69.2,33.8,28.9,313,30.8,15.0,-19.7,9.2,686,64.4,32.9,29.0,379,35.6,18.2,-9.0,20.0,27.7,29.2,1.4,1.7,65,49
107,"Aguilar, Jesús",542583,1028,1050,2078,677,65.9,32.6,29.6,351,34.1,16.9,-21.8,7.8,634,60.4,30.5,25.1,416,39.6,20.0,-8.3,16.7,24.6,24.6,-0.0,-0.1,40,40
108,"Santana, Carlos",467793,880,1185,2065,667,75.8,32.3,28.2,213,24.2,10.3,-12.6,15.6,727,61.4,35.2,35.3,458,38.6,22.2,-10.1,25.2,32.7,40.8,8.1,10.0,93,88
109,"Castellanos, Nick",592206,1177,889,2066,789,67.0,38.2,33.7,388,33.0,18.8,-26.6,7.1,589,66.3,28.5,25.6,300,33.7,14.5,-8.1,17.5,25.8,24.5,-1.3,-1.6,20,30
110,"McNeil, Jeff",643446,1101,955,2056,813,73.8,39.5,31.7,288,26.2,14.0,-16.2,15.5,646,67.6,31.4,27.6,309,32.4,15.0,-5.2,22.3,26.1,37.9,11.7,14.5,98,96
111,"Perdomo, Geraldo",672695,827,1210,2037,631,76.3,31.0,27.5,196,23.7,9.6,-10.5,17.0,714,59.0,35.1,30.5,496,41.0,24.3,-15.5,15.1,27.9,32.1,4.2,5.2,84,68
112,"Hays, Austin",669720,1044,1006,2050,686,65.7,33.5,27.0,358,34.3,17.5,-26.2,0.8,600,59.6,29.3,25.9,406,40.4,19.8,-9.5,16.4,25.7,17.2,-8.4,-10.5,1,6
113,"Wong, Kolten",543939,872,1166,2038,691,79.2,33.9,28.2,181,20.8,8.9,-10.4,17.8,742,63.6,36.4,31.1,424,36.4,20.8,-11.9,19.2,28.8,37.1,8.3,10.4,94,90
114,"Kemp, Tony",643393,990,1045,2035,739,74.6,36.3,31.1,251,25.4,12.3,-15.2,15.9,632,60.5,31.1,28.0,413,39.5,20.3,-11.3,16.7,27.4,32.5,5.1,6.4,88,73
115,"Giménez, Andrés",665926,1077,947,2024,734,68.2,36.3,30.5,343,31.8,16.9,-21.6,8.9,571,60.3,28.2,23.3,376,39.7,18.6,-7.0,16.3,26.9,25.2,-1.7,-2.1,16,28
116,"Rojas, Josh",668942,830,1199,2029,647,78.0,31.9,28.7,183,22.0,9.0,-11.4,17.4,727,60.6,35.8,29.8,472,39.4,23.3,-11.4,18.4,31.2,35.8,4.6,5.7,86,70
117,"Renfroe, Hunter",592669,968,1059,2027,633,65.4,31.2,27.3,335,34.6,16.5,-21.3,6.0,677,63.9,33.4,29.1,382,36.1,18.8,-13.2,15.8,27.1,21.8,-5.3,-6.7,3,14
118,"Ozuna, Marcell",542303,999,1024,2023,671,67.2,33.2,29.4,328,32.8,16.2,-21.4,8.1,633,61.8,31.3,26.7,391,38.2,19.3,-8.1,18.6,30.7,26.7,-4.0,-5.1,6,18
119,"Urshela, Gio",570482,1071,946,2017,734,68.5,36.4,30.1,337,31.5,16.7,-21.0,9.1,605,64.0,30.0,28.2,341,36.0,16.9,-7.8,20.4,28.5,29.5,1.1,1.3,61,48
120,"Hicks, Aaron",543305,822,1187,2009,620,75.4,30.9,25.9,202,24.6,10.1,-12.7,13.3,749,63.1,37.3,34.5,438,36.9,21.8,-11.7,22.8,29.1,36.1,7.0,8.8,91,83
121,"Merrifield, Whit",593160,1019,991,2010,738,72.4,36.7,30.8,281,27.6,14.0,-16.2,14.6,651,65.7,32.4,27.9,340,34.3,16.9,-8.4,19.5,27.1,34.1,7.0,8.8,91,83
122,"Rutschman, Adley",668939,814,1195,2009,599,73.6,29.8,28.4,215,26.4,10.7,-13.0,15.4,765,64.0,38.1,37.3,430,36.0,21.4,-11.7,25.5,34.6,40.9,6.3,8.0,90,80
123,"Peña, Jeremy",665161,1099,897,1996,728,66.2,36.5,31.6,371,33.8,18.6,-23.5,8.1,571,63.7,28.6,23.1,326,36.3,16.3,-9.4,13.7,26.3,21.9,-4.5,-5.7,4,16
124,"Cruz, Nelson",443558,1012,980,1992,687,67.9,34.5,30.3,325,32.1,16.3,-20.5,9.7,672,68.6,33.7,30.6,308,31.4,15.5,-6.4,24.2,30.8,33.9,3.1,3.9,78,62
125,"Mateo, Jorge",622761,1053,913,1966,705,67.0,35.9,29.9,348,33.0,17.7,-21.8,8.1,582,63.7,29.6,22.0,331,36.3,16.8,-7.9,14.1,24.2,22.2,-2.0,-2.6,13,27
126,"Taylor, Chris",621035,989,991,1980,755,76.3,38.1,31.6,234,23.7,11.8,-14.3,17.3,663,66.9,33.5,29.7,328,33.1,16.6,-6.1,23.6,29.5,40.9,11.4,14.7,98,96
127,"Grichuk, Randal",545341,1000,977,1977,672,67.2,34.0,27.8,328,32.8,16.6,-22.7,5.1,609,62.3,30.8,23.5,368,37.7,18.6,-9.2,14.3,22.8,19.4,-3.4,-4.4,7,21
128,"Urías, Luis",649966,853,1121,1974,625,73.3,31.7,25.8,228,26.7,11.6,-13.3,12.5,681,60.7,34.5,29.3,440,39.3,22.3,-12.9,16.4,27.3,28.9,1.6,2.1,67,53
129,"Donovan, Brendan",680977,743,1217,1960,573,77.1,29.2,24.1,170,22.9,8.7,-10.4,13.7,699,57.4,35.7,31.4,518,42.6,26.4,-16.1,15.3,27.8,29.0,1.1,1.5,61,48
130,"Carlson, Dylan",666185,904,1057,1961,672,74.3,34.3,27.5,232,25.7,11.8,-15.1,12.4,669,63.3,34.1,28.3,388,36.7,19.8,-9.0,19.3,24.6,31.7,7.1,9.2,91,85
131,"Estrada, Thairo",642731,946,988,1934,628,66.4,32.5,28.1,318,33.6,16.4,-19.7,8.5,598,60.5,30.9,25.5,390,39.5,20.2,-10.0,15.4,26.5,23.9,-2.6,-3.4,11,24
132,"Grossman, Robbie",543257,794,1147,1941,615,77.5,31.7,25.8,179,22.5,9.2,-10.3,15.5,645,56.2,33.2,25.7,502,43.8,25.9,-16.2,9.5,25.1,25.0,-0.1,-0.1,38,40
133,"Kiner-Falefa, Isiah",643396,866,1071,1937,613,70.8,31.6,26.8,253,29.2,13.1,-14.5,12.3,615,57.4,31.8,24.6,456,42.6,23.5,-13.1,11.5,22.1,23.8,1.7,2.2,69,54
134,"Dozier, Hunter",641531,980,957,1937,666,68.0,34.4,26.8,314,32.0,16.2,-19.2,7.5,618,64.6,31.9,27.5,339,35.4,17.5,-9.1,18.4,28.1,25.9,-2.2,-2.9,12,26
135,"Benintendi, Andrew",643217,927,998,1925,707,76.3,36.7,29.3,220,23.7,11.4,-12.1,17.2,660,66.1,34.3,30.4,338,33.9,17.6,-8.4,22.0,26.7,39.2,12.5,16.5,98,98
136,"Marte, Starling",516782,947,963,1910,650,68.6,34.0,26.9,297,31.4,15.5,-18.7,8.2,608,63.1,31.8,24.0,355,36.9,18.6,-9.0,15.0,21.5,23.2,1.7,2.2,69,54
137,"Espinal, Santiago",669289,876,1030,1906,649,74.1,34.1,30.1,227,25.9,11.9,-12.2,17.9,651,63.2,34.2,28.7,379,36.8,19.9,-9.0,19.7,31.5,37.6,6.1,8.1,90,81
138,"Polanco, Jorge",593871,803,1095,1898,584,72.7,30.8,25.6,219,27.3,11.5,-12.9,12.7,664,60.6,35.0,34.2,431,39.4,22.7,-11.4,22.8,31.3,35.5,4.2,5.6,84,70
139,"Joe, Connor",656582,767,1132,1899,589,76.8,31.0,24.3,178,23.2,9.4,-9.8,14.5,652,57.6,34.3,31.1,480,42.4,25.3,-16.0,15.1,27.0,29.7,2.7,3.6,76,61
140,"Walls, Taylor",670764,804,1076,1880,619,77.0,32.9,25.2,185,23.0,9.8,-8.9,16.3,654,60.8,34.8,28.4,422,39.2,22.4,-10.4,18.0,26.7,34.2,7.5,10.2,92,89
141,"Sánchez, Gary",596142,828,1053,1881,570,68.8,30.3,27.3,258,31.2,13.7,-16.0,11.2,618,58.7,32.9,28.0,435,41.3,23.1,-14.3,13.7,28.1,24.9,-3.2,-4.3,8,21
142,"Stott, Bryson",681082,840,1033,1873,600,71.4,32.0,23.5,240,28.6,12.8,-12.8,10.8,586,56.7,31.3,24.8,447,43.3,23.9,-13.2,11.6,22.6,22.4,-0.2,-0.3,35,38
143,"Suzuki, Seiya",673548,726,1130,1856,549,75.6,29.6,24.2,177,24.4,9.5,-11.4,12.7,656,58.1,35.3,28.0,474,41.9,25.5,-14.7,13.3,26.6,26.1,-0.5,-0.7,28,35
144,"Cooper, Garrett",643265,842,1019,1861,597,70.9,32.1,24.7,245,29.1,13.2,-14.9,9.9,625,61.3,33.6,25.8,394,38.7,21.2,-10.3,15.5,27.1,25.4,-1.8,-2.4,15,28
145,"Reyes, Franmil",614177,885,968,1853,609,68.8,32.9,29.0,276,31.2,14.9,-19.0,10.0,604,62.4,32.6,27.4,364,37.6,19.6,-13.2,14.2,25.3,24.2,-1.1,-1.5,21,31
146,"Gurriel Jr., Lourdes",666971,901,950,1851,626,69.5,33.8,24.2,275,30.5,14.9,-18.3,5.9,586,61.7,31.7,24.0,364,38.3,19.7,-8.0,16.1,23.1,21.9,-1.2,-1.6,20,30
147,"Lux, Gavin",666158,786,1058,1844,593,75.4,32.2,23.5,193,24.6,10.5,-9.7,13.8,656,62.0,35.6,27.1,402,38.0,21.8,-13.2,14.0,21.9,27.7,5.8,8.0,89,80
148,"Stanton, Giancarlo",519317,794,1044,1838,527,66.4,28.7,25.3,267,33.6,14.5,-17.4,7.9,634,60.7,34.5,28.9,410,39.3,22.3,-12.0,16.9,30.3,24.8,-5.5,-7.6,2,10
149,"Choi, Ji Man",596847,765,1072,1837,583,76.2,31.7,25.8,182,23.8,9.9,-10.3,15.5,673,62.8,36.6,30.6,399,37.2,21.7,-9.8,20.7,30.6,36.2,5.6,7.7,89,78
150,"Pollock, AJ",572041,984,853,1837,672,68.3,36.6,28.7,312,31.7,17.0,-20.4,8.3,545,63.9,29.7,24.1,308,36.1,16.8,-6.6,17.5,25.7,25.9,0.1,0.2,43,42
151,"Miller, Owen",680911,881,955,1836,590,67.0,32.1,24.1,291,33.0,15.8,-18.2,6.0,564,59.1,30.7,23.3,391,40.9,21.3,-11.4,11.9,23.2,17.8,-5.4,-7.5,2,11
152,"Hoerner, Nico",663538,885,918,1803,618,69.8,34.3,25.5,267,30.2,14.8,-17.7,7.8,553,60.2,30.7,22.0,365,39.8,20.2,-9.7,12.3,18.1,20.2,2.0,2.8,71,56
153,"Peralta, David",444482,921,908,1829,647,70.2,35.4,26.5,274,29.8,15.0,-16.9,9.6,574,63.2,31.4,24.1,334,36.8,18.3,-9.0,15.2,24.7,24.8,0.1,0.2,43,42
154,"Contreras, Willson",575929,911,888,1799,635,69.7,35.3,26.9,276,30.3,15.3,-16.7,10.1,591,66.6,32.9,28.5,297,33.4,16.5,-8.0,20.5,26.3,30.6,4.3,6.1,84,72
155,"Rengifo, Luis",650859,1012,805,1817,725,71.6,39.9,30.6,287,28.4,15.8,-17.4,13.2,535,66.5,29.4,20.8,270,33.5,14.9,-5.9,14.9,24.1,28.1,4.0,5.7,82,70
156,"Rojas, Miguel",500743,864,947,1811,603,69.8,33.3,24.9,261,30.2,14.4,-16.1,8.8,576,60.8,31.8,22.7,371,39.2,20.5,-8.9,13.8,23.0,22.6,-0.4,-0.6,30,35
157,"Miranda, Jose",669304,933,879,1812,662,71.0,36.5,27.6,271,29.0,15.0,-17.1,10.5,555,63.1,30.6,22.8,324,36.9,17.9,-7.5,15.2,24.3,25.8,1.5,2.1,66,53
158,"Marsh, Brandon",669016,861,941,1802,605,70.3,33.6,27.6,256,29.7,14.2,-14.7,12.9,545,57.9,30.2,21.9,396,42.1,22.0,-14.3,7.6,25.5,20.4,-5.1,-7.1,3,12
159,"Schoop, Jonathan",570731,993,796,1789,673,67.8,37.6,28.3,320,32.2,17.9,-22.5,5.9,505,63.4,28.2,19.5,291,36.6,16.3,-5.4,14.1,20.7,20.0,-0.7,-1.0,26,33
160,"Naylor, Josh",647304,901,867,1768,599,66.5,33.9,27.4,302,33.5,17.1,-19.4,8.0,577,66.6,32.6,26.4,290,33.4,16.4,-6.5,20.0,26.2,28.0,1.8,2.5,70,55
161,"Lopez, Nicky",670032,854,897,1751,633,74.1,36.2,25.0,221,25.9,12.6,-12.6,12.4,545,60.8,31.1,21.7,352,39.2,20.1,-10.8,10.9,17.8,23.3,5.5,8.0,89,80
162,"Odor, Rougned",596059,882,870,1752,598,67.8,34.1,24.1,284,32.2,16.2,-16.7,7.4,559,64.3,31.9,23.9,311,35.7,17.8,-7.6,16.3,23.9,23.7,-0.2,-0.3,35,38
163,"Heim, Jonah",641680,890,866,1756,644,72.4,36.7,28.1,246,27.6,14.0,-14.8,13.2,567,65.5,32.3,25.7,299,34.5,17.0,-6.9,18.8,24.1,32.1,7.9,11.5,93,93
164,"Walsh, Jared",665120,855,888,1743,608,71.1,34.9,24.7,247,28.9,14.2,-15.6,9.1,526,59.2,30.2,20.8,362,40.8,20.8,-13.5,7.3,22.1,16.5,-5.6,-8.2,2,9
165,"Candelario, Jeimer",600869,909,825,1734,647,71.2,37.3,27.3,262,28.8,15.1,-15.2,12.1,546,66.2,31.5,22.5,279,33.8,16.1,-6.7,15.8,25.8,28.0,2.2,3.2,73,58
166,"Iglesias, Jose",578428,902,836,1738,594,65.9,34.2,27.1,308,34.1,17.7,-18.5,8.6,479,57.3,27.6,17.1,357,42.7,20.5,-9.1,8.0,21.2,16.6,-4.6,-6.7,4,14
167,"India, Jonathan",663697,711,1012,1723,508,71.4,29.5,20.0,203,28.6,11.8,-12.5,7.5,565,55.8,32.8,21.9,447,44.2,25.9,-14.0,7.9,19.6,15.4,-4.2,-6.3,5,15
168,"Moncada, Yoán",660162,810,913,1723,576,71.1,33.4,24.5,234,28.9,13.6,-13.3,11.2,566,62.0,32.8,23.9,347,38.0,20.1,-12.1,11.8,24.8,23.0,-1.8,-2.7,15,27
169,"Gallo, Joey",608336,813,907,1720,570,70.1,33.1,28.2,243,29.9,14.1,-16.3,11.9,584,64.4,34.0,29.1,323,35.6,18.8,-10.0,19.0,28.1,30.9,2.8,4.1,77,63
170,"Crawford, Brandon",543063,869,848,1717,656,75.5,38.2,25.8,213,24.5,12.4,-13.7,12.0,563,66.4,32.8,26.3,285,33.6,16.6,-7.1,19.3,23.2,31.3,8.1,12.0,93,93
171,"Taylor, Michael A.",572191,871,833,1704,618,71.0,36.3,23.8,253,29.0,14.8,-16.9,6.9,557,66.9,32.7,25.4,276,33.1,16.2,-8.2,17.2,21.6,24.1,2.5,3.7,75,61
172,"Greene, Riley",682985,778,938,1716,569,73.1,33.2,27.4,209,26.9,12.2,-12.4,15.1,576,61.4,33.6,25.2,362,38.6,21.1,-12.0,13.2,26.9,28.2,1.3,2.0,63,52
173,"Gamel, Ben",592325,734,974,1708,542,73.8,31.7,23.5,192,26.2,11.2,-10.9,12.5,608,62.4,35.6,27.1,366,37.6,21.4,-11.6,15.5,24.3,28.0,3.7,5.6,81,70
174,"Perez, Salvador",521692,976,724,1700,554,56.8,32.6,25.6,422,43.2,24.8,-28.9,-3.3,486,67.1,28.6,20.7,238,32.9,14.0,-2.9,17.9,27.8,14.6,-13.2,-19.7,0,2
175,"Calhoun, Kole",594777,902,798,1700,644,71.4,37.9,25.8,258,28.6,15.2,-16.7,9.1,542,67.9,31.9,24.2,256,32.1,15.1,-6.6,17.5,21.3,26.6,5.3,7.9,88,79
176,"Sheets, Gavin",657757,811,888,1699,556,68.6,32.7,25.8,255,31.4,15.0,-16.4,9.4,514,57.9,30.3,21.9,374,42.1,22.0,-10.3,11.6,24.2,21.0,-3.2,-4.8,8,19
177,"Pederson, Joc",592626,770,909,1679,540,70.1,32.2,26.0,230,29.9,13.7,-14.6,11.4,571,62.8,34.0,25.4,338,37.2,20.1,-11.9,13.5,27.6,24.9,-2.6,-4.0,11,22
178,"Castro, Harold",605612,889,767,1656,600,67.5,36.2,26.4,289,32.5,17.5,-18.7,7.7,479,62.5,28.9,19.1,288,37.5,17.4,-7.8,11.3,21.4,19.0,-2.3,-3.6,12,23
179,"Kepler, Max",596146,761,892,1653,570,74.9,34.5,24.3,191,25.1,11.6,-12.3,12.1,582,65.2,35.2,26.8,310,34.8,18.8,-8.5,18.2,23.3,30.3,7.0,10.8,91,92
180,"Harris II, Michael",671739,864,788,1652,567,65.6,34.3,24.4,297,34.4,18.0,-19.3,5.1,492,62.4,29.8,18.7,296,37.6,17.9,-6.0,12.7,22.2,17.8,-4.4,-6.8,4,13
181,"Morel, Christopher",666624,807,814,1621,570,70.6,35.2,23.4,237,29.4,14.6,-15.0,8.3,515,63.3,31.8,24.0,299,36.7,18.4,-9.5,14.5,22.7,22.8,0.1,0.1,43,41
182,"Urías, Ramón",602104,820,825,1645,609,74.3,37.0,22.2,211,25.7,12.8,-13.6,8.6,521,63.2,31.7,20.9,304,36.8,18.5,-7.4,13.5,18.6,22.1,3.4,5.3,80,68
183,"Cabrera, Miguel",408234,825,817,1642,585,70.9,35.6,23.7,240,29.1,14.6,-15.9,7.8,522,63.9,31.8,20.6,295,36.1,18.0,-6.6,14.0,20.7,21.8,1.1,1.7,61,49
184,"Raleigh, Cal",663728,861,778,1639,588,68.3,35.9,26.5,273,31.7,16.7,-17.9,8.6,524,67.4,32.0,24.4,254,32.6,15.5,-5.8,18.6,28.2,27.2,-1.0,-1.5,22,31
185,"d'Arnaud, Travis",518595,862,771,1633,590,68.4,36.1,23.2,272,31.6,16.7,-16.6,6.6,458,59.4,28.0,18.3,313,40.6,19.2,-8.6,9.7,20.6,16.3,-4.3,-6.7,5,14
186,"Vázquez, Christian",543877,803,829,1632,576,71.7,35.3,22.2,227,28.3,13.9,-13.6,8.6,482,58.1,29.5,19.7,347,41.9,21.3,-8.4,11.3,21.4,20.0,-1.4,-2.2,19,28
187,"Ruf, Darin",573131,654,966,1620,468,71.6,28.9,21.3,186,28.4,11.5,-9.5,11.9,563,58.3,34.8,23.6,403,41.7,24.9,-11.6,12.0,23.6,23.9,0.2,0.3,45,43
188,"Paredes, Isaac",670623,644,973,1617,481,74.7,29.7,22.2,163,25.3,10.1,-10.5,11.7,627,64.4,38.8,28.7,346,35.6,21.4,-9.0,19.7,23.7,31.4,7.8,12.2,93,94
189,"Hosmer, Eric",543333,790,825,1615,511,64.7,31.6,23.4,279,35.3,17.3,-17.7,5.6,503,61.0,31.1,23.3,322,39.0,19.9,-7.0,16.3,25.4,21.9,-3.5,-5.5,7,17
190,"Torkelson, Spencer",679529,739,870,1609,544,73.6,33.8,23.7,195,26.4,12.1,-11.2,12.5,551,63.3,34.2,23.6,319,36.7,19.8,-7.6,16.0,24.6,28.5,3.9,6.2,82,73
191,"Harper, Bryce",547180,886,698,1584,620,70.0,39.1,25.8,266,30.0,16.8,-15.0,10.8,486,69.6,30.7,21.9,212,30.4,13.4,-3.4,18.5,24.3,29.2,4.9,7.9,87,79
192,"O'Neill, Tyler",641933,738,856,1594,538,72.9,33.8,20.5,200,27.1,12.5,-10.9,9.6,548,64.0,34.4,23.8,308,36.0,19.3,-7.6,16.2,20.8,25.8,5.0,8.0,87,80
193,"McCormick, Chas",676801,760,818,1578,541,71.2,34.3,21.0,219,28.8,13.9,-12.2,8.9,546,66.7,34.6,24.2,272,33.3,17.2,-5.9,18.2,23.3,27.1,3.7,6.0,81,72
194,"Tapia, Raimel",606132,868,703,1571,571,65.8,36.3,26.6,297,34.2,18.9,-19.9,6.7,429,61.0,27.3,16.9,274,39.0,17.4,-5.9,11.0,19.5,17.7,-1.8,-2.9,15,26
195,"Ramírez, Harold",623912,890,688,1578,599,67.3,38.0,24.5,291,32.7,18.4,-19.1,5.4,436,63.4,27.6,17.2,252,36.6,16.0,-5.7,11.5,20.1,16.9,-3.1,-5.0,9,18
196,"Story, Trevor",596115,785,790,1575,522,66.5,33.1,21.9,263,33.5,16.7,-16.8,5.1,497,62.9,31.6,21.9,293,37.1,18.6,-7.6,14.2,21.2,19.3,-1.8,-3.0,15,25
197,"Grandal, Yasmani",518735,625,948,1573,478,76.5,30.4,19.5,147,23.5,9.3,-8.2,11.3,556,58.6,35.3,24.1,392,41.4,24.9,-12.6,11.4,22.0,22.8,0.8,1.3,56,48
198,"Suwinski, Jack",669261,678,893,1571,502,74.0,32.0,21.0,176,26.0,11.2,-10.2,10.8,526,58.9,33.5,23.1,367,41.1,23.4,-11.9,11.2,24.4,22.1,-2.3,-3.7,12,22
199,"Berti, Jon",542932,697,872,1569,536,76.9,34.2,22.2,161,23.1,10.3,-8.4,13.9,525,60.2,33.5,23.2,347,39.8,22.1,-9.7,13.6,22.5,27.4,4.9,8.0,87,80
200,"Gordon, Nick",624503,918,630,1548,649,70.7,41.9,25.0,269,29.3,17.4,-17.3,7.7,423,67.1,27.3,17.6,207,32.9,13.4,-4.8,12.8,17.8,20.6,2.8,4.5,77,64
201,"Contreras, William",661388,689,857,1546,464,67.3,30.0,20.8,225,32.7,14.6,-13.8,7.0,545,63.6,35.3,24.5,312,36.4,20.2,-9.5,15.0,21.9,22.0,0.1,0.1,43,41
202,"Anderson, Brian",605119,780,761,1541,552,70.8,35.8,22.5,228,29.2,14.8,-13.9,8.6,515,67.7,33.4,23.7,246,32.3,16.0,-4.5,19.2,22.9,27.8,4.9,8.1,87,81
203,"Ruiz, Keibert",660688,783,755,1538,561,71.6,36.5,23.6,222,28.4,14.4,-12.7,10.9,504,66.8,32.8,20.8,251,33.2,16.3,-4.8,16.0,22.8,26.9,4.1,6.8,83,75
204,"Daza, Yonathan",602074,771,761,1532,520,67.4,33.9,20.4,251,32.6,16.4,-14.6,5.8,465,61.1,30.4,18.8,296,38.9,19.3,-7.5,11.3,18.1,17.1,-1.0,-1.7,22,30
205,"Harrison, Josh",543281,835,695,1530,572,68.5,37.4,23.8,263,31.5,17.2,-17.3,6.5,439,63.2,28.7,17.8,256,36.8,16.7,-4.8,12.9,19.5,19.4,-0.1,-0.1,38,40
206,"Buxton, Byron",621439,715,814,1529,508,71.0,33.2,22.6,207,29.0,13.5,-13.4,9.2,509,62.5,33.3,22.4,305,37.5,19.9,-8.1,14.3,24.4,23.5,-0.9,-1.5,23,31
207,"Chavis, Michael",656308,880,644,1524,580,65.9,38.1,23.2,300,34.1,19.7,-19.2,4.0,410,63.7,26.9,17.2,234,36.3,15.4,-5.6,11.6,16.2,15.6,-0.6,-1.1,27,33
208,"Nola, Austin",543592,652,870,1522,497,76.2,32.7,20.0,155,23.8,10.2,-9.1,10.9,511,58.7,33.6,21.5,359,41.3,23.6,-10.0,11.5,18.5,22.4,3.9,6.5,82,74
209,"Taylor, Tyrone",621438,774,747,1521,546,70.5,35.9,20.0,228,29.5,15.0,-13.7,6.3,481,64.4,31.6,18.8,266,35.6,17.5,-8.2,10.5,14.8,16.8,2.0,3.3,71,59
210,"Ortega, Rafael",542364,676,826,1502,500,74.0,33.3,21.4,176,26.0,11.7,-10.2,11.2,527,63.8,35.1,23.7,299,36.2,19.9,-8.1,15.6,22.0,26.8,4.8,8.1,87,81
211,"Laureano, Ramón",657656,701,812,1513,500,71.3,33.0,20.8,201,28.7,13.3,-12.9,7.9,503,61.9,33.2,21.0,309,38.1,20.4,-9.7,11.2,16.9,19.1,2.2,3.7,73,61
212,"Votto, Joey",458015,692,792,1484,530,76.6,35.7,19.7,162,23.4,10.9,-9.9,9.9,519,65.5,35.0,24.5,273,34.5,18.4,-7.6,16.9,21.1,26.8,5.6,9.7,89,87
213,"Maldonado, Martín",455117,751,750,1501,518,69.0,34.5,22.1,233,31.0,15.5,-14.8,7.3,441,58.8,29.4,17.6,309,41.2,20.6,-8.0,9.5,18.7,16.9,-1.9,-3.2,14,24
214,"Hernández, Enrique",571771,709,780,1489,498,70.2,33.4,20.1,211,29.8,14.2,-12.4,7.8,517,66.3,34.7,24.3,263,33.7,17.7,-6.5,17.8,19.7,25.6,5.9,10.1,89,89
215,"Davis, J.D.",605204,761,724,1485,581,76.3,39.1,24.8,180,23.7,12.1,-12.0,12.8,471,65.1,31.7,22.2,253,34.9,17.0,-5.0,17.3,25.4,30.1,4.7,8.0,86,80
216,"Thomas, Alek",677950,727,754,1481,499,68.6,33.7,19.7,228,31.4,15.4,-13.1,6.5,433,57.4,29.2,17.2,321,42.6,21.7,-8.5,8.7,18.5,15.2,-3.3,-5.7,8,16
217,"Dalbec, Bobby",666915,686,789,1475,448,65.3,30.4,19.3,238,34.7,16.1,-16.1,3.2,486,61.6,32.9,21.6,303,38.4,20.5,-9.0,12.6,20.1,15.7,-4.4,-7.5,4,11
218,"Stallings, Jacob",607732,643,830,1473,475,73.9,32.2,19.6,168,26.1,11.4,-9.3,10.3,509,61.3,34.6,20.4,321,38.7,21.8,-8.9,11.5,18.1,21.8,3.6,6.3,81,73
219,"Senzel, Nick",669222,694,765,1459,488,70.3,33.4,20.8,206,29.7,14.1,-11.3,9.5,474,62.0,32.5,22.1,291,38.0,19.9,-9.0,13.1,20.2,22.6,2.4,4.2,74,63
220,"González, Luis",670768,678,777,1455,514,75.8,35.3,21.3,164,24.2,11.3,-11.5,9.8,473,60.9,32.5,19.3,304,39.1,20.9,-7.6,11.7,20.9,21.5,0.6,1.1,53,46
221,"Cruz, Oneil",665833,591,868,1459,364,61.6,24.9,16.0,227,38.4,15.6,-15.4,0.6,491,56.6,33.7,19.4,377,43.4,25.8,-12.7,6.8,20.4,7.3,-13.1,-22.8,1,1
222,"Díaz, Elias",553869,748,697,1445,519,69.4,35.9,20.4,229,30.6,15.8,-14.5,6.0,449,64.4,31.1,19.0,248,35.6,17.2,-5.0,14.0,18.9,20.0,1.0,1.8,59,50
223,"Castro, Willi",650489,832,602,1434,557,66.9,38.8,23.5,275,33.1,19.2,-19.0,4.5,370,61.5,25.8,14.7,232,38.5,16.2,-5.3,9.4,18.2,13.9,-4.3,-7.6,5,10
224,"Pinder, Chad",640461,760,677,1437,558,73.4,38.8,24.2,202,26.6,14.1,-12.1,12.1,455,67.2,31.7,17.7,222,32.8,15.4,-5.6,12.1,18.8,24.2,5.3,9.4,88,86
225,"Stassi, Max",545358,633,803,1436,472,74.6,32.9,19.1,161,25.4,11.2,-10.3,8.9,496,61.8,34.5,22.3,307,38.2,21.4,-10.8,11.5,18.9,20.4,1.5,2.7,66,56
226,"Kelly, Carson",608348,621,802,1423,462,74.4,32.5,16.9,159,25.6,11.2,-7.9,9.0,477,59.5,33.5,19.2,325,40.5,22.8,-8.6,10.6,16.6,19.6,3.0,5.4,78,69
227,"Peterson, Jace",607054,573,839,1412,427,74.5,30.2,17.6,146,25.5,10.3,-6.6,11.0,465,55.4,32.9,20.8,374,44.6,26.5,-10.7,10.1,19.3,21.1,1.8,3.2,70,58
228,"Franco, Maikel",596748,760,658,1418,498,65.5,35.1,20.2,262,34.5,18.5,-17.0,3.2,397,60.3,28.0,15.5,261,39.7,18.4,-5.6,10.0,16.6,13.2,-3.4,-6.0,7,16
229,"Robles, Victor",645302,740,654,1394,524,70.8,37.6,22.3,216,29.2,15.5,-14.0,8.3,412,63.0,29.6,17.8,242,37.0,17.4,-6.9,10.9,17.5,19.2,1.6,3.0,67,57
230,"Gonzalez, Oscar",660757,835,574,1409,519,62.2,36.8,22.1,316,37.8,22.4,-19.2,2.9,366,63.8,26.0,13.4,208,36.2,14.8,-4.8,8.5,16.5,11.4,-5.1,-9.1,3,8
231,"Segura, Jean",516416,684,720,1404,453,66.2,32.3,19.4,231,33.8,16.5,-14.1,5.2,458,63.6,32.6,19.2,262,36.4,18.7,-7.4,11.8,20.0,17.0,-3.0,-5.4,9,17
232,"Vierling, Matt",663837,621,778,1399,456,73.4,32.6,19.1,165,26.6,11.8,-11.7,7.3,432,55.5,30.9,18.0,346,44.5,24.7,-9.8,8.2,17.4,15.5,-1.8,-3.4,15,24
233,"Margot, Manuel",622534,728,661,1389,501,68.8,36.1,21.2,227,31.2,16.3,-14.5,6.7,424,64.1,30.5,17.6,237,35.9,17.1,-1.8,15.9,17.4,22.5,5.2,9.4,88,86
234,"Sánchez, Jesús",660821,664,726,1390,429,64.6,30.9,18.4,235,35.4,16.9,-14.9,3.5,440,60.6,31.7,19.4,286,39.4,20.6,-7.1,12.4,21.0,15.8,-5.2,-9.5,3,7
235,"Nootbaar, Lars",663457,538,845,1383,411,76.4,29.7,17.9,127,23.6,9.2,-8.0,9.9,492,58.2,35.6,23.8,353,41.8,25.5,-12.5,11.2,18.3,21.1,2.8,5.2,77,68
236,"De La Cruz, Bryan",650559,682,705,1387,447,65.5,32.2,20.3,235,34.5,16.9,-14.4,6.0,462,65.5,33.3,19.1,243,34.5,17.5,-4.9,14.2,21.0,20.2,-0.8,-1.4,24,31
237,"Bradley Jr., Jackie",598265,684,697,1381,510,74.6,36.9,22.0,174,25.4,12.6,-8.5,13.6,453,65.0,32.8,19.8,244,35.0,17.7,-6.4,13.4,20.8,27.0,6.1,11.3,90,93
238,"Pujols, Albert",405395,668,717,1385,439,65.7,31.7,20.3,229,34.3,16.5,-15.2,5.1,448,62.5,32.3,19.0,269,37.5,19.4,-7.0,11.9,19.3,17.0,-2.2,-4.1,12,21
239,"Celestino, Gilberto",665482,615,768,1383,478,77.7,34.6,20.0,137,22.3,9.9,-8.7,11.3,470,61.2,34.0,21.0,298,38.8,21.5,-6.6,14.3,18.4,25.6,7.3,13.4,92,96
240,"Haase, Eric",606992,707,669,1376,465,65.8,33.8,18.6,242,34.2,17.6,-15.2,3.4,424,63.4,30.8,18.5,245,36.6,17.8,-4.6,13.9,19.2,17.3,-2.0,-3.6,13,23
241,"Guillorme, Luis",641645,555,816,1371,444,80.0,32.4,17.7,111,20.0,8.1,-6.6,11.1,475,58.2,34.6,18.7,341,41.8,24.9,-10.2,8.5,15.2,19.6,4.4,8.1,85,81
242,"García, Avisaíl",541645,806,561,1367,537,66.6,39.3,21.5,269,33.4,19.7,-18.7,2.8,390,69.5,28.5,16.3,171,30.5,12.5,-4.2,12.1,16.9,14.9,-2.0,-3.8,13,22
243,"Robert Jr., Luis",673357,829,520,1349,510,61.5,37.8,20.6,319,38.5,23.6,-21.0,-0.4,360,69.2,26.7,15.3,160,30.8,11.9,-1.8,13.5,14.6,13.0,-1.6,-3.1,17,24
244,"Toro, Abraham",647351,630,706,1336,448,71.1,33.5,19.6,182,28.9,13.6,-11.1,8.5,404,57.2,30.2,16.6,302,42.8,22.6,-7.7,8.9,17.6,17.4,-0.2,-0.4,35,37
245,"Slater, Austin",596103,594,726,1320,432,72.7,32.7,17.6,162,27.3,12.3,-9.1,8.5,454,62.5,34.4,22.2,272,37.5,20.6,-10.0,12.2,20.0,20.7,0.7,1.3,54,48
246,"Rivera, Emmanuel",656896,663,661,1324,475,71.6,35.9,19.6,188,28.4,14.2,-12.1,7.5,422,63.8,31.9,17.1,239,36.2,18.1,-3.9,13.2,18.7,20.7,2.0,3.8,71,62
247,"García Jr., Luis",671277,705,615,1320,497,70.5,37.7,20.0,208,29.5,15.8,-13.2,6.7,342,55.6,25.9,13.1,273,44.4,20.7,-8.6,4.5,14.4,11.2,-3.2,-6.1,8,15
248,"Velazquez, Andrew",623205,692,609,1301,512,74.0,39.4,21.4,180,26.0,13.8,-12.4,9.0,400,65.7,30.7,15.0,209,34.3,16.1,-7.5,7.5,15.5,16.5,1.1,2.1,61,53
249,"Gorman, Nolan",669357,670,644,1314,461,68.8,35.1,21.8,209,31.2,15.9,-13.5,8.3,418,64.9,31.8,17.4,226,35.1,17.2,-5.3,12.1,18.9,20.4,1.5,2.9,66,57
250,"Hernandez, Yadiel",628450,669,632,1301,484,72.3,37.2,22.5,185,27.7,14.2,-11.1,11.4,389,61.6,29.9,14.6,243,38.4,18.7,-5.0,9.6,17.7,21.0,3.3,6.4,79,73
251,"Reyes, Victor",622682,711,564,1275,466,65.5,36.5,21.7,245,34.5,19.2,-16.3,5.4,359,63.7,28.2,13.0,205,36.3,16.1,-3.6,9.4,15.6,14.8,-0.9,-1.7,23,30
252,"Biggio, Cavan",624415,513,765,1278,415,80.9,32.5,17.7,98,19.1,7.7,-5.1,12.6,465,60.8,36.4,20.9,300,39.2,23.5,-10.1,10.8,16.7,23.5,6.8,13.6,91,96
253,"Wendle, Joey",621563,673,599,1272,453,67.3,35.6,17.1,220,32.7,17.3,-12.5,4.6,359,59.9,28.2,12.8,240,40.1,18.9,-7.2,5.6,13.1,10.2,-2.9,-5.8,10,16
254,"Soler, Jorge",624585,587,689,1276,407,69.3,31.9,17.6,180,30.7,14.1,-11.0,6.6,445,64.6,34.9,21.1,244,35.4,19.1,-6.6,14.4,19.0,21.0,2.0,4.0,71,62
255,"Taveras, Leody",665750,610,647,1257,431,70.7,34.3,19.1,179,29.3,14.2,-11.2,8.0,385,59.5,30.6,16.3,262,40.5,20.8,-6.6,9.8,18.3,17.7,-0.6,-1.2,27,32
256,"Hedges, Austin",595978,595,668,1263,429,72.1,34.0,16.5,166,27.9,13.1,-9.3,7.2,409,61.2,32.4,18.0,259,38.8,20.5,-7.6,10.3,16.1,17.6,1.4,2.9,65,57
257,"Siri, Jose",642350,652,611,1263,430,66.0,34.0,16.8,222,34.0,17.6,-15.3,1.5,372,60.9,29.5,14.8,239,39.1,18.9,-6.6,8.2,15.3,9.7,-5.6,-11.2,2,6
258,"McCarthy, Jake",664983,655,592,1247,475,72.5,38.1,21.9,180,27.5,14.4,-12.3,9.6,347,58.6,27.8,14.6,245,41.4,19.6,-6.3,8.2,17.0,17.9,0.8,1.7,56,49
259,"Naquin, Tyler",571980,729,530,1259,509,69.8,40.4,20.3,220,30.2,17.5,-13.7,6.7,347,65.5,27.6,13.6,183,34.5,14.5,-4.0,9.6,15.3,16.3,0.9,1.9,58,51
260,"Trevino, Jose",624431,626,630,1256,414,66.1,33.0,15.4,212,33.9,16.9,-13.7,1.6,356,56.5,28.3,13.3,274,43.5,21.8,-7.8,5.5,12.7,7.2,-5.6,-11.3,2,5
261,"Caratini, Victor",605170,527,719,1246,396,75.1,31.8,17.9,131,24.9,10.5,-7.9,10.0,411,57.2,33.0,18.8,308,42.8,24.7,-7.7,11.1,18.2,21.1,2.9,6.0,77,72
262,"Duvall, Adam",594807,616,604,1220,404,65.6,33.1,16.4,212,34.4,17.4,-14.6,1.9,363,60.1,29.8,16.3,241,39.9,19.8,-7.1,9.2,16.3,11.0,-5.3,-11.0,3,6
263,"Franco, Wander",677551,624,592,1216,436,69.9,35.9,17.8,188,30.1,15.5,-12.6,5.2,374,63.2,30.8,16.7,218,36.8,17.9,-4.1,12.6,14.5,17.8,3.3,6.9,79,75
264,"Rivas III, Alfonso",663845,505,701,1206,397,78.6,32.9,16.7,108,21.4,9.0,-6.7,10.0,416,59.3,34.5,17.8,285,40.7,23.6,-9.4,8.3,19.4,18.3,-1.1,-2.3,21,28
265,"Belt, Brandon",474832,558,632,1190,434,77.8,36.5,16.2,124,22.2,10.4,-6.5,9.7,417,66.0,35.0,19.3,215,34.0,18.1,-4.5,14.8,18.6,24.5,6.0,12.7,90,95
266,"Solano, Donovan",456781,584,590,1174,417,71.4,35.5,17.4,167,28.6,14.2,-10.3,7.1,350,59.3,29.8,13.2,240,40.7,20.4,-5.5,7.7,14.3,14.8,0.5,1.1,51,46
267,"Longoria, Evan",446334,527,660,1187,382,72.5,32.2,14.9,145,27.5,12.2,-8.2,6.6,396,60.0,33.4,16.0,264,40.0,22.2,-7.4,8.6,16.8,15.2,-1.6,-3.5,17,23
268,"Bader, Harrison",664056,563,617,1180,373,66.3,31.6,14.0,190,33.7,16.1,-10.9,3.2,378,61.3,32.0,15.9,239,38.7,20.3,-6.4,9.4,14.5,12.6,-1.9,-4.1,14,21
269,"Narváez, Omar",553882,590,591,1181,431,73.1,36.5,15.6,159,26.9,13.5,-8.8,6.8,399,67.5,33.8,18.4,192,32.5,16.3,-3.2,15.2,14.5,22.1,7.6,16.4,92,98
270,"Jiménez, Eloy",650391,587,591,1178,415,70.7,35.2,18.3,172,29.3,14.6,-13.3,5.0,394,66.7,33.4,18.2,197,33.3,16.7,-5.8,12.4,17.9,17.4,-0.5,-1.0,28,33
271,"Díaz, Aledmys",649557,616,558,1174,440,71.4,37.5,17.8,176,28.6,15.0,-11.2,6.5,361,64.7,30.7,16.9,197,35.3,16.8,-5.2,11.7,14.7,18.2,3.5,7.6,80,77
272,"Adell, Jo",666176,610,565,1175,422,69.2,35.9,19.9,188,30.8,16.0,-10.2,9.6,328,58.1,27.9,12.1,237,41.9,20.2,-6.3,5.7,18.4,15.4,-3.0,-6.5,9,15
273,"Barnhart, Tucker",571466,541,632,1173,394,72.8,33.6,17.0,147,27.2,12.5,-8.3,8.7,375,59.3,32.0,14.3,257,40.7,21.9,-8.4,5.9,13.5,14.6,1.1,2.4,61,55
274,"Bart, Joey",663698,544,613,1157,369,67.8,31.9,16.2,175,32.2,15.1,-10.6,5.6,368,60.0,31.8,16.2,245,40.0,21.2,-9.4,6.8,15.5,12.3,-3.2,-7.0,8,12
275,"Myers, Wil",571976,524,634,1158,362,69.1,31.3,15.4,162,30.9,14.0,-10.2,5.2,387,61.0,33.4,15.5,247,39.0,21.3,-10.3,5.2,16.1,10.4,-5.7,-12.5,2,5
276,"Neuse, Sheldon",641914,588,572,1160,419,71.3,36.1,18.8,169,28.7,14.6,-11.6,7.2,366,64.0,31.6,16.4,206,36.0,17.8,-5.6,10.8,17.5,17.9,0.5,1.1,51,46
277,"García, Leury",544725,648,502,1150,474,73.1,41.2,22.6,174,26.9,15.1,-11.6,11.0,333,66.3,29.0,11.8,169,33.7,14.7,-5.1,6.8,13.7,17.8,4.1,9.1,83,84
278,"Allen, Nick",669397,599,542,1141,424,70.8,37.2,15.6,175,29.2,15.3,-10.1,5.4,329,60.7,28.8,13.3,213,39.3,18.7,-3.8,9.5,12.1,14.9,2.8,6.3,77,73
279,"Moustakas, Mike",519058,623,526,1149,406,65.2,35.3,15.8,217,34.8,18.9,-15.3,0.5,338,64.3,29.4,15.4,188,35.7,16.4,-3.9,11.6,14.3,12.1,-2.3,-5.0,12,18
280,"Castillo, Diego A.",660636,500,647,1147,347,69.4,30.3,16.9,153,30.6,13.3,-9.7,7.2,357,55.2,31.1,14.6,290,44.8,25.3,-8.5,6.1,17.4,13.3,-4.2,-9.2,5,7
281,"Hiura, Keston",669374,559,585,1144,393,70.3,34.4,16.0,166,29.7,14.5,-11.0,5.0,351,60.0,30.7,15.7,234,40.0,20.5,-5.9,9.9,15.1,14.9,-0.2,-0.5,35,36
282,"Anderson, Tim",641313,662,482,1144,417,63.0,36.5,16.7,245,37.0,21.4,-16.2,0.5,315,65.4,27.5,13.0,167,34.6,14.6,-3.5,9.5,13.3,10.0,-3.3,-7.3,8,11
283,"Thompson, Trayce",572204,500,638,1138,366,73.2,32.2,15.8,134,26.8,11.8,-8.2,7.7,409,64.1,35.9,17.6,229,35.9,20.1,-5.9,11.7,17.9,19.4,1.5,3.3,66,59
284,"Schwindel, Frank",643524,619,516,1135,415,67.0,36.6,18.5,204,33.0,18.0,-12.5,6.0,345,66.9,30.4,15.0,171,33.1,15.1,-3.9,11.1,15.2,17.1,1.9,4.3,70,64
285,"Moore, Dylan",664238,435,695,1130,342,78.6,30.3,13.7,93,21.4,8.2,-4.8,8.9,409,58.8,36.2,19.2,286,41.2,25.3,-9.4,9.8,18.2,18.7,0.5,1.2,51,47
286,"Smith, Pavin",656976,436,671,1107,311,71.3,28.1,12.7,125,28.7,11.3,-7.8,4.9,388,57.8,35.0,16.4,283,42.2,25.6,-9.2,7.3,13.5,12.2,-1.4,-3.1,19,24
287,"Bethancourt, Christian",542194,688,415,1103,451,65.6,40.9,20.4,237,34.4,21.5,-16.9,3.5,278,67.0,25.2,11.5,137,33.0,12.4,-3.1,8.4,12.1,11.9,-0.2,-0.4,35,37
288,"Knizner, Andrew",668800,536,565,1101,365,68.1,33.2,14.3,171,31.9,15.5,-11.5,2.8,344,60.9,31.2,14.8,221,39.1,20.1,-7.5,7.3,13.0,10.1,-2.9,-6.6,10,14
289,"Mejía, Francisco",642336,668,424,1092,400,59.9,36.6,18.4,268,40.1,24.5,-17.0,1.5,271,63.9,24.8,9.2,153,36.1,14.0,-3.7,5.5,13.5,7.0,-6.6,-15.3,1,3
290,"Aquino, Aristides",606157,610,469,1079,383,62.8,35.5,18.2,227,37.2,21.0,-15.7,2.5,299,63.8,27.7,13.4,170,36.2,15.8,-5.0,8.4,15.7,11.0,-4.7,-11.1,4,6
291,"Cordero, Franchy",614173,530,557,1087,363,68.5,33.4,15.2,167,31.5,15.4,-9.5,5.8,343,61.6,31.6,15.6,214,38.4,19.7,-5.7,9.9,16.4,15.7,-0.7,-1.7,26,30
292,"Dickerson, Corey",572816,632,451,1083,416,65.8,38.4,17.0,216,34.2,19.9,-14.7,2.3,291,64.5,26.9,11.4,160,35.5,14.8,-2.9,8.5,11.8,10.8,-1.1,-2.5,21,27
293,"Newman, Kevin",621028,517,560,1077,350,67.7,32.5,13.3,167,32.3,15.5,-10.0,3.3,329,58.8,30.5,13.3,231,41.2,21.4,-6.2,7.1,11.6,10.4,-1.2,-2.9,20,26
294,"Reynolds, Matt",608703,442,624,1066,318,71.9,29.8,13.7,124,28.1,11.6,-8.5,5.2,339,54.3,31.8,14.9,285,45.7,26.7,-8.0,7.0,15.2,12.2,-3.0,-7.1,9,12
295,"Isbel, Kyle",664728,491,577,1068,362,73.7,33.9,16.8,129,26.3,12.1,-9.1,7.7,326,56.5,30.5,13.6,251,43.5,23.5,-7.2,6.5,14.7,14.2,-0.5,-1.3,28,32
296,"Nido, Tomás",621512,635,421,1056,429,67.6,40.6,14.8,206,32.4,19.5,-14.1,0.7,289,68.6,27.4,12.5,132,31.4,12.5,-3.2,9.4,10.4,10.1,-0.3,-0.7,33,35
297,"Smith, Josh",669701,425,617,1042,331,77.9,31.8,15.0,94,22.1,9.0,-5.2,9.8,363,58.8,34.8,15.6,254,41.2,24.4,-8.5,7.1,14.6,16.9,2.3,5.6,74,70
298,"Castro, Rodolfo",666801,496,550,1046,360,72.6,34.4,14.7,136,27.4,13.0,-8.7,6.1,340,61.8,32.5,13.8,210,38.2,20.1,-5.3,8.5,13.7,14.5,0.9,2.1,58,53
299,"Arroyo, Christian",624414,598,442,1040,402,67.2,38.7,17.8,196,32.8,18.8,-12.6,5.2,291,65.8,28.0,12.0,151,34.2,14.5,-3.2,8.8,11.7,14.0,2.2,5.5,73,69
300,"Pasquantino, Vinnie",686469,476,561,1037,332,69.7,32.0,13.6,144,30.3,13.9,-9.1,4.5,365,65.1,35.2,18.4,196,34.9,18.9,-5.0,13.4,14.5,17.9,3.5,8.5,80,82
301,"Yepez, Juan",660766,564,471,1035,394,69.9,38.1,17.1,170,30.1,16.4,-11.4,5.8,292,62.0,28.2,13.5,179,38.0,17.3,-4.6,8.9,14.8,14.7,-0.1,-0.2,38,39
302,"Bleday, JJ",668709,478,548,1026,356,74.5,34.7,15.6,122,25.5,11.9,-8.0,7.6,355,64.8,34.6,16.1,193,35.2,18.8,-5.1,11.0,16.6,18.6,2.0,4.9,71,67
303,"Albies, Ozzie",645277,597,429,1026,374,62.6,36.5,15.6,223,37.4,21.7,-13.8,1.9,303,70.6,29.5,12.3,126,29.4,12.3,-2.4,9.9,13.2,11.8,-1.4,-3.5,19,23
304,"Rosario, Eddie",592696,534,470,1004,347,65.0,34.6,14.4,187,35.0,18.6,-11.7,2.7,289,61.5,28.8,12.1,181,38.5,18.0,-4.6,7.5,14.6,10.3,-4.4,-11.1,4,6
305,"Alfaro, Jorge",595751,631,377,1008,409,64.8,40.6,16.8,222,35.2,22.0,-15.6,1.2,247,65.5,24.5,10.4,130,34.5,12.9,-3.0,7.4,12.2,8.6,-3.6,-9.1,7,8
306,"Abrams, CJ",682928,569,433,1002,379,66.6,37.8,15.9,190,33.4,19.0,-11.8,4.1,261,60.3,26.0,9.4,172,39.7,17.2,-4.9,4.4,11.4,8.5,-2.8,-7.2,10,12
307,"Luplow, Jordan",656669,478,524,1002,377,78.9,37.6,15.2,101,21.1,10.1,-5.7,9.5,345,65.8,34.4,16.2,179,34.2,17.9,-4.2,12.0,15.0,21.5,6.5,16.5,90,98
308,"Gomes, Yan",543228,545,461,1006,362,66.4,36.0,16.0,183,33.6,18.2,-11.3,4.7,283,61.4,28.1,11.5,178,38.6,17.7,-4.1,7.3,11.2,12.0,0.8,2.1,56,53
309,"Brantley, Michael",488726,417,589,1006,302,72.4,30.0,11.2,115,27.6,11.4,-6.2,5.0,355,60.3,35.3,16.2,234,39.7,23.3,-5.2,10.9,12.6,15.9,3.3,8.3,79,81
310,"Lowe, Brandon",664040,533,469,1002,384,72.0,38.3,15.6,149,28.0,14.9,-9.4,6.2,321,68.4,32.0,15.1,148,31.6,14.8,-3.3,11.8,14.2,18.0,3.8,9.5,82,87
311,"Machín, Vimael",605353,447,554,1001,322,72.0,32.2,13.7,125,28.0,12.5,-6.5,7.2,351,63.4,35.1,15.2,203,36.6,20.3,-5.9,9.4,13.1,16.6,3.5,8.8,80,83
312,"Haniger, Mitch",571745,453,543,996,322,71.1,32.3,13.9,131,28.9,13.2,-8.0,6.0,345,63.5,34.6,16.5,198,36.5,19.9,-6.8,9.8,15.7,15.7,0.0,0.0,40,40
313,"Friedl, TJ",670770,425,563,988,321,75.5,32.5,15.2,104,24.5,10.5,-6.6,8.6,356,63.2,36.0,13.3,207,36.8,21.0,-5.2,8.1,12.5,16.7,4.2,10.8,84,92
314,"Wade Jr., LaMonte",664774,438,548,986,334,76.3,33.9,13.7,104,23.7,10.5,-6.0,7.7,325,59.3,33.0,14.5,223,40.7,22.6,-6.0,8.6,15.5,16.3,0.8,2.0,56,52
315,"Engel, Adam",641553,465,522,987,338,72.7,34.2,15.7,127,27.3,12.9,-7.9,7.9,321,61.5,32.5,13.0,201,38.5,20.4,-6.3,6.7,13.7,14.6,0.9,2.3,58,54
316,"Molina, Yadier",425877,576,408,984,379,65.8,38.5,17.4,197,34.2,20.0,-12.6,4.9,267,65.4,27.1,9.9,141,34.6,14.3,-3.6,6.3,9.7,11.1,1.4,3.6,65,61
317,"Fraley, Jake",641584,447,524,971,329,73.6,33.9,15.7,118,26.4,12.2,-7.3,8.4,336,64.1,34.6,14.6,188,35.9,19.4,-5.1,9.5,13.4,17.9,4.5,11.9,86,93
318,"Phillips, Brett",621433,427,545,972,337,78.9,34.7,14.7,90,21.1,9.3,-4.7,10.0,332,60.9,34.2,13.7,213,39.1,21.9,-8.4,5.3,15.0,15.3,0.3,0.7,47,44
319,"DeJong, Paul",657557,476,500,976,333,70.0,34.1,15.7,143,30.0,14.7,-8.9,6.8,331,66.2,33.9,14.9,169,33.8,17.3,-3.5,11.5,14.1,18.3,4.2,11.0,84,93
320,"McGuire, Reese",624512,493,467,960,340,69.0,35.4,15.4,153,31.0,15.9,-9.7,5.8,267,57.2,27.8,10.9,200,42.8,20.8,-6.0,4.9,12.1,10.6,-1.5,-3.9,18,22
321,"Jansen, Danny",643376,434,526,960,340,78.3,35.4,14.8,94,21.7,9.8,-5.3,9.5,337,64.1,35.1,15.3,189,35.9,19.7,-5.6,9.7,13.1,19.2,6.1,16.1,90,98
322,"Chisholm Jr., Jazz",665862,443,502,945,315,71.1,33.3,13.4,128,28.9,13.5,-7.0,6.3,318,63.3,33.7,13.5,184,36.7,19.5,-5.2,8.2,11.9,14.6,2.6,7.1,76,76
323,"Jeffers, Ryan",680777,437,510,947,329,75.3,34.7,14.2,108,24.7,11.4,-5.9,8.3,300,58.8,31.7,13.3,210,41.2,22.2,-5.7,7.6,14.0,15.9,1.9,5.0,70,67
324,"Garver, Mitch",641598,399,544,943,310,77.7,32.9,14.0,89,22.3,9.4,-5.0,9.0,314,57.7,33.3,14.0,230,42.3,24.4,-5.7,8.3,14.5,17.3,2.7,7.4,76,77
325,"Alcántara, Sergio",642727,400,539,939,305,76.2,32.5,13.5,95,23.8,10.1,-5.6,7.9,299,55.5,31.8,11.2,240,44.5,25.6,-6.6,4.6,12.6,12.5,-0.2,-0.4,35,37
326,"Meneses, Joey",608841,454,484,938,330,72.7,35.2,15.5,124,27.3,13.2,-8.2,7.3,297,61.4,31.7,11.6,187,38.6,19.9,-3.8,7.9,12.1,15.1,3.1,8.3,78,81
327,"Duffy, Matt",622110,427,507,934,310,72.6,33.2,12.2,117,27.4,12.5,-8.6,3.6,293,57.8,31.4,12.5,214,42.2,22.9,-6.5,6.0,12.7,9.6,-3.1,-8.4,9,9
328,"Dubón, Mauricio",643289,513,414,927,358,69.8,38.6,13.5,155,30.2,16.7,-9.1,4.4,260,62.8,28.0,11.7,154,37.2,16.6,-3.7,8.0,12.7,12.4,-0.3,-0.8,33,34
329,"Arcia, Orlando",606115,411,509,920,288,70.1,31.3,13.2,123,29.9,13.4,-8.0,5.1,304,59.7,33.0,12.6,205,40.3,22.3,-4.3,8.3,13.1,13.5,0.4,1.0,49,45
330,"Pache, Cristian",665506,452,454,906,322,71.2,35.5,14.1,130,28.8,14.3,-9.7,4.5,308,67.8,34.0,11.8,146,32.2,16.1,-4.3,7.5,10.8,12.0,1.2,3.3,62,59
331,"Higgins, P.J.",664731,385,513,898,272,70.6,30.3,9.7,113,29.4,12.6,-6.3,3.4,294,57.3,32.7,13.3,219,42.7,24.4,-4.9,8.5,11.9,11.8,-0.1,-0.2,38,39
332,"Baddoo, Akil",668731,425,485,910,302,71.1,33.2,14.0,123,28.9,13.5,-8.1,5.9,307,63.3,33.7,12.9,178,36.7,19.6,-4.9,8.0,13.5,14.0,0.5,1.3,51,48
333,"Miller, Brad",543543,462,451,913,324,70.1,35.5,15.1,138,29.9,15.1,-8.1,7.0,290,64.3,31.8,12.7,161,35.7,17.6,-5.3,7.4,13.7,14.4,0.7,2.0,54,52
334,"Higashioka, Kyle",543309,454,448,902,324,71.4,35.9,14.9,130,28.6,14.4,-8.5,6.4,285,63.6,31.6,11.9,163,36.4,18.1,-4.8,7.1,11.9,13.5,1.7,4.7,69,66
335,"Hampson, Garrett",641658,381,493,874,278,73.0,31.8,11.6,103,27.0,11.8,-6.2,5.4,293,59.4,33.5,12.4,200,40.6,22.9,-8.0,4.3,11.2,9.7,-1.5,-4.4,18,21
336,"Duran, Jarren",680776,438,441,879,323,73.7,36.7,13.8,115,26.3,13.1,-8.0,5.8,273,61.9,31.1,11.0,168,38.1,19.1,-5.2,5.8,9.2,11.6,2.5,7.1,75,76
337,"Villar, Jonathan",542340,442,430,872,312,70.6,35.8,14.0,130,29.4,14.9,-7.9,6.1,285,66.3,32.7,12.4,145,33.7,16.6,-2.1,10.3,12.1,16.5,4.4,12.7,85,95
338,"Zavala, Seby",664874,468,407,875,344,73.5,39.3,15.2,124,26.5,14.2,-8.5,6.7,265,65.1,30.3,12.0,142,34.9,16.2,-3.2,8.8,12.5,15.5,2.9,8.5,77,82
339,"Madrigal, Nick",663611,377,474,851,273,72.4,32.1,11.3,104,27.6,12.2,-6.9,4.4,274,57.8,32.2,10.7,200,42.2,23.5,-5.7,5.1,8.9,9.4,0.6,1.8,53,50
340,"Hilliard, Sam",656541,380,488,868,291,76.6,33.5,12.6,89,23.4,10.3,-4.6,7.9,314,64.3,36.2,14.5,174,35.7,20.0,-5.6,8.9,14.5,16.9,2.4,6.9,74,75
341,"Tsutsugo, Yoshi",660294,379,482,861,282,74.4,32.8,14.2,97,25.6,11.3,-6.0,8.2,302,62.7,35.1,13.5,180,37.3,20.9,-6.5,7.0,12.9,15.2,2.3,6.8,74,75
342,"Chirinos, Robinson",455139,425,424,849,305,71.8,35.9,10.8,120,28.2,14.1,-7.4,3.4,278,65.6,32.7,12.8,146,34.4,17.2,-4.3,8.4,11.0,11.8,0.8,2.4,56,55
343,"Lowe, Josh",666139,392,458,850,298,76.0,35.1,13.8,94,24.0,11.1,-5.1,8.7,270,59.0,31.8,11.4,188,41.0,22.1,-6.9,4.5,11.6,13.2,1.6,4.8,67,66
344,"Mitchell, Cal",668751,427,421,848,311,72.8,36.7,13.5,116,27.2,13.7,-7.5,6.0,247,58.7,29.1,10.7,174,41.3,20.5,-4.4,6.3,10.6,12.3,1.7,5.2,69,68
345,"Fortes, Nick",663743,380,470,850,290,76.3,34.1,12.7,90,23.7,10.6,-6.3,6.5,308,65.5,36.2,14.3,162,34.5,19.1,-4.1,10.2,13.4,16.7,3.3,9.9,79,88
346,"Barnes, Austin",605131,355,492,847,287,80.8,33.9,12.4,68,19.2,8.0,-4.4,8.0,296,60.2,34.9,13.3,196,39.8,23.1,-5.2,8.1,11.7,16.1,4.4,13.1,85,96
347,"Almora Jr., Albert",546991,427,403,830,296,69.3,35.7,11.8,131,30.7,15.8,-9.9,1.9,262,65.0,31.6,11.2,141,35.0,17.0,-3.7,7.5,9.0,9.5,0.4,1.3,49,48
348,"Kiermaier, Kevin",595281,427,401,828,322,75.4,38.9,14.6,105,24.6,12.7,-7.0,7.5,264,65.8,31.9,10.6,137,34.2,16.5,-4.2,6.4,10.6,13.9,3.3,10.2,79,89
349,"Gregorius, Didi",544369,498,327,825,336,67.5,40.7,12.7,162,32.5,19.6,-10.4,2.3,219,67.0,26.5,9.8,108,33.0,13.1,-1.1,8.7,10.6,10.9,0.3,1.0,47,45
350,"Gonzalez, Marwin",503556,405,411,816,285,70.4,34.9,13.4,120,29.6,14.7,-7.0,6.4,246,59.9,30.1,10.0,165,40.1,20.2,-4.3,5.7,12.2,12.1,-0.1,-0.2,38,39
351,"Maile, Luke",571912,369,452,821,258,69.9,31.4,11.9,111,30.1,13.5,-7.5,4.5,267,59.1,32.5,11.2,185,40.9,22.5,-5.6,5.5,10.2,10.0,-0.3,-0.8,33,34
352,"Hummel, Cooper",669450,335,484,819,262,78.2,32.0,10.4,73,21.8,8.9,-3.9,6.5,281,58.1,34.3,11.9,203,41.9,24.8,-6.9,4.9,10.3,11.4,1.1,3.3,61,59
353,"Velázquez, Nelson",676369,375,418,793,270,72.0,34.0,9.8,105,28.0,13.2,-5.5,4.3,280,67.0,35.3,13.2,138,33.0,17.4,-4.2,9.0,10.7,13.3,2.6,8.5,76,82
354,"VanMeter, Josh",642165,292,511,803,243,83.2,30.3,10.7,49,16.8,6.1,-2.9,7.8,297,58.1,37.0,11.9,214,41.9,26.7,-6.6,5.3,10.8,13.2,2.4,7.5,74,77
355,"Bride, Jonah",681146,286,511,797,200,69.9,25.1,8.7,86,30.1,10.8,-5.3,3.4,299,58.5,37.5,12.0,212,41.5,26.6,-7.5,4.5,8.8,7.9,-0.9,-2.9,23,26
356,"Serven, Brian",661531,434,362,796,292,67.3,36.7,11.2,142,32.7,17.8,-7.6,3.7,227,62.7,28.5,9.9,135,37.3,17.0,-3.7,6.2,9.3,9.9,0.6,2.0,53,52
357,"La Stella, Tommy",600303,322,471,793,221,68.6,27.9,9.4,101,31.4,12.7,-5.4,3.9,259,55.0,32.7,9.2,212,45.0,26.7,-6.2,3.0,7.0,6.9,-0.0,-0.1,40,40
358,"Vargas, Ildemaro",545121,370,415,785,274,74.1,34.9,11.1,96,25.9,12.2,-5.9,5.3,240,57.8,30.6,9.3,175,42.2,22.3,-4.7,4.5,7.7,9.8,2.1,6.8,73,75
359,"Nevin, Tyler",663527,362,431,793,267,73.8,33.7,11.0,95,26.2,12.0,-5.6,5.3,282,65.4,35.6,13.1,149,34.6,18.8,-2.8,10.4,13.3,15.7,2.5,7.9,75,79
360,"McKinstry, Zach",656716,367,422,789,277,75.5,35.1,12.5,90,24.5,11.4,-5.5,7.0,254,60.2,32.2,11.6,168,39.8,21.3,-6.0,5.5,12.5,12.5,0.0,0.1,40,41
361,"Duran, Ezequiel",677649,433,350,783,284,65.6,36.3,11.6,149,34.4,19.0,-9.9,1.7,219,62.6,28.0,8.7,131,37.4,16.7,-3.5,5.2,9.2,6.9,-2.3,-7.5,12,11
362,"Pratto, Nick",668472,358,429,787,258,72.1,32.8,10.3,100,27.9,12.7,-6.0,4.3,258,60.1,32.8,12.1,171,39.9,21.7,-6.2,5.9,11.8,10.2,-1.6,-5.3,17,17
363,"Casali, Curt",592200,370,410,780,277,74.9,35.5,12.2,93,25.1,11.9,-4.8,7.3,266,64.9,34.1,12.6,144,35.1,18.5,-4.4,8.2,12.2,15.5,3.3,10.8,79,92
364,"Azocar, José",640492,419,340,759,276,65.9,36.4,11.2,143,34.1,18.8,-9.5,1.7,235,69.1,31.0,10.0,105,30.9,13.8,-2.3,7.7,9.2,9.4,0.2,0.8,45,45
365,"Chang, Yu",644374,362,400,762,262,72.4,34.4,10.6,100,27.6,13.1,-5.8,4.8,228,57.0,29.9,10.4,172,43.0,22.6,-4.0,6.4,11.3,11.2,-0.1,-0.3,38,38
366,"Rendon, Anthony",543685,321,438,759,242,75.4,31.9,10.0,79,24.6,10.4,-4.3,5.7,286,65.3,37.7,13.8,152,34.7,20.0,-4.0,9.8,12.8,15.5,2.7,9.0,76,84
367,"Herrera, Odúbel",546318,386,349,735,244,63.2,33.2,11.0,142,36.8,19.3,-10.3,0.7,220,63.0,29.9,10.0,129,37.0,17.6,-3.9,6.1,9.1,6.8,-2.3,-8.0,12,9
368,"Haggerty, Sam",664059,351,373,724,276,78.6,38.1,11.3,75,21.4,10.4,-4.1,7.2,230,61.7,31.8,9.5,143,38.3,19.8,-4.3,5.2,9.7,12.4,2.7,9.4,76,86
369,"Stephenson, Tyler",663886,319,413,732,226,70.8,30.9,10.2,93,29.2,12.7,-6.1,4.1,260,63.0,35.5,10.2,153,37.0,20.9,-5.8,4.4,8.9,8.5,-0.4,-1.3,30,32
370,"Refsnyder, Rob",608701,311,421,732,233,74.9,31.8,10.1,78,25.1,10.7,-3.6,6.5,248,58.9,33.9,10.6,173,41.1,23.6,-6.1,4.5,10.3,11.0,0.7,2.5,54,55
371,"Díaz, Lewin",650331,338,394,732,219,64.8,29.9,9.9,119,35.2,16.3,-7.9,2.0,226,57.4,30.9,9.2,168,42.6,23.0,-5.2,3.9,10.0,5.9,-4.1,-14.2,6,4
372,"Villar, David",681584,323,407,730,246,76.2,33.7,9.9,77,23.8,10.5,-5.3,4.6,247,60.7,33.8,10.8,160,39.3,21.9,-4.4,6.5,9.3,11.0,1.7,6.0,69,72
373,"Fletcher, David",664058,352,377,729,260,73.9,35.7,10.8,92,26.1,12.6,-6.4,4.4,205,54.4,28.1,7.2,172,45.6,23.6,-4.4,2.8,7.6,7.2,-0.3,-1.2,33,32
374,"Lowrie, Jed",476704,344,383,727,259,75.3,35.6,11.4,85,24.7,11.7,-4.6,6.8,249,65.0,34.3,11.0,134,35.0,18.4,-2.5,8.5,11.0,15.3,4.3,15.1,84,97
375,"Larnach, Trevor",663616,301,423,724,206,68.4,28.5,8.6,95,31.6,13.1,-6.4,2.2,253,59.8,34.9,11.2,170,40.2,23.5,-6.1,5.1,9.2,7.3,-1.9,-6.5,14,15
376,"Carpenter, Matt",572761,296,423,719,244,82.4,33.9,11.6,52,17.6,7.2,-3.0,8.6,253,59.8,35.2,11.9,170,40.2,23.6,-5.9,6.0,12.8,14.6,1.8,6.5,70,74
377,"Massey, Michael",686681,384,327,711,268,69.8,37.7,10.3,116,30.2,16.3,-6.6,3.6,201,61.5,28.3,9.4,126,38.5,17.7,-2.7,6.7,10.0,10.3,0.3,1.1,47,46
378,"Camargo, Johan",622666,350,368,718,234,66.9,32.6,10.2,116,33.1,16.2,-8.6,1.6,230,62.5,32.0,10.6,138,37.5,19.2,-2.6,7.9,10.3,9.6,-0.7,-2.6,26,27
379,"Cabrera, Oswaldo",665828,373,341,714,262,70.2,36.7,12.2,111,29.8,15.5,-7.8,4.4,225,66.0,31.5,9.9,116,34.0,16.2,-3.4,6.6,9.3,11.0,1.6,5.8,67,71
380,"Vogt, Stephen",519390,331,382,713,233,70.4,32.7,9.5,98,29.6,13.7,-5.2,4.4,236,61.8,33.1,11.1,146,38.2,20.5,-4.7,6.3,10.7,10.7,-0.1,-0.2,38,39
381,"Mazara, Nomar",608577,332,382,714,239,72.0,33.5,11.2,93,28.0,13.0,-6.0,5.1,230,60.2,32.2,10.1,152,39.8,21.3,-4.6,5.5,11.0,10.6,-0.3,-1.2,33,32
382,"McCann, James",543510,368,345,713,248,67.4,34.8,10.8,120,32.6,16.8,-7.7,3.1,214,62.0,30.0,9.6,131,38.0,18.4,-2.7,6.9,10.1,10.0,-0.1,-0.4,38,37
383,"Cave, Jake",595909,358,350,708,242,67.6,34.2,10.6,116,32.4,16.4,-7.0,3.5,221,63.1,31.2,9.4,129,36.9,18.2,-3.1,6.3,9.7,9.9,0.2,0.7,45,44
384,"Wynns, Austin",642851,305,397,702,219,71.8,31.2,10.0,86,28.2,12.3,-5.0,4.9,215,54.2,30.6,7.8,182,45.8,25.9,-4.4,3.4,8.2,8.3,0.1,0.2,43,42
385,"Leblanc, Charles",641779,305,389,694,226,74.1,32.6,9.7,79,25.9,11.4,-5.2,4.6,230,59.1,33.1,9.9,159,40.9,22.9,-6.8,3.1,7.1,7.7,0.6,2.2,53,54
386,"Kelenic, Jarred",672284,338,360,698,246,72.8,35.2,10.0,92,27.2,13.2,-6.0,4.0,222,61.7,31.8,10.3,138,38.3,19.8,-5.4,5.0,8.3,9.0,0.7,2.4,54,55
387,"Plawecki, Kevin",608700,324,372,696,232,71.6,33.3,7.2,92,28.4,13.2,-5.5,1.7,230,61.8,33.0,10.0,142,38.2,20.4,-4.1,5.8,6.8,7.5,0.7,2.6,54,56
388,"Bryant, Kris",592178,330,366,696,257,77.9,36.9,9.7,73,22.1,10.5,-4.2,5.6,243,66.4,34.9,11.6,123,33.6,17.7,-3.1,8.5,9.8,14.0,4.2,15.5,84,97
389,"Olivares, Edward",658668,353,336,689,244,69.1,35.4,10.5,109,30.9,15.8,-6.8,3.7,210,62.5,30.5,9.1,126,37.5,18.3,-3.6,5.5,9.0,9.2,0.2,0.7,45,44
390,"Brosseau, Mike",670712,322,364,686,236,73.3,34.4,9.4,86,26.7,12.5,-3.4,6.1,207,56.9,30.2,9.1,157,43.1,22.9,-3.4,5.7,10.9,11.8,0.9,3.3,58,59
391,"Burger, Jake",669394,367,315,682,246,67.0,36.1,11.2,121,33.0,17.7,-8.2,2.9,197,62.5,28.9,7.6,118,37.5,17.3,-2.5,5.1,7.5,8.0,0.5,1.8,51,50
392,"Barrero, Jose",676480,374,287,661,251,67.1,38.0,11.0,123,32.9,18.6,-7.4,3.5,177,61.7,26.8,7.0,110,38.3,16.6,-2.1,4.8,8.9,8.4,-0.5,-1.9,28,29
393,"Torrens, Luis",620443,318,359,677,236,74.2,34.9,10.8,82,25.8,12.1,-4.7,6.1,217,60.4,32.1,8.9,142,39.6,21.0,-3.7,5.1,9.3,11.3,2.0,7.5,71,77
394,"Montero, Elehuris",660707,352,322,674,241,68.5,35.8,10.6,111,31.5,16.5,-9.4,1.2,185,57.5,27.4,7.7,137,42.5,20.3,-3.9,3.8,9.0,5.0,-4.0,-15.2,6,3
395,"Marcano, Tucupita",672779,303,362,665,221,72.9,33.2,9.5,82,27.1,12.3,-3.8,5.7,210,58.0,31.6,7.5,152,42.0,22.9,-5.0,2.4,8.0,8.1,0.2,0.6,45,43
396,"Delay, Jason",641511,354,297,651,264,74.6,40.6,12.3,90,25.4,13.8,-5.4,6.9,182,61.3,28.0,7.6,115,38.7,17.7,-2.7,4.9,10.4,11.8,1.3,5.2,63,68
397,"Sosa, Edmundo",624641,371,280,651,229,61.7,35.2,10.4,142,38.3,21.8,-9.9,0.5,171,61.1,26.3,6.2,109,38.9,16.7,-2.9,3.2,8.0,3.8,-4.2,-16.5,5,2
398,"Thompson, Bubba",669352,360,267,627,246,68.3,39.2,10.8,114,31.7,18.2,-6.9,3.9,178,66.7,28.4,7.9,89,33.3,14.2,-1.7,6.2,8.3,10.0,1.7,6.9,69,75
399,"Meyers, Jake",676694,301,334,635,214,71.1,33.7,10.5,87,28.9,13.7,-5.0,5.5,199,59.6,31.3,8.2,135,40.4,21.3,-3.6,4.5,9.2,10.0,0.8,3.4,56,60
400,"Clement, Ernie",676391,311,317,628,222,71.4,35.4,8.8,89,28.6,14.2,-4.9,4.0,185,58.4,29.5,6.9,132,41.6,21.0,-2.9,4.1,7.0,8.0,1.0,4.1,59,63
401,"Wade, Tyler",642180,279,332,611,212,76.0,34.7,9.3,67,24.0,11.0,-4.4,4.9,205,61.7,33.6,8.6,127,38.3,20.8,-3.5,5.1,7.9,10.0,2.1,8.7,73,82
402,"Cain, Lorenzo",456715,330,293,623,234,70.9,37.6,9.2,96,29.1,15.4,-7.0,2.2,187,63.8,30.0,7.3,106,36.2,17.0,-1.9,5.3,6.7,7.6,0.8,3.4,56,60
403,"Ford, Mike",645801,219,404,623,164,74.9,26.3,7.7,55,25.1,8.8,-4.3,3.4,236,58.4,37.9,11.0,168,41.6,27.0,-6.0,5.0,9.8,8.4,-1.4,-5.6,19,16
404,"Kirilloff, Alex",666135,309,305,614,212,68.6,34.5,8.2,97,31.4,15.8,-5.8,2.4,183,60.0,29.8,8.0,122,40.0,19.9,-2.5,5.5,7.5,7.9,0.4,1.6,49,49
405,"Adams, Riley",656180,278,333,611,185,66.5,30.3,6.9,93,33.5,15.2,-5.6,1.2,185,55.6,30.3,7.9,148,44.4,24.2,-4.2,3.8,6.7,5.0,-1.7,-7.1,16,12
406,"Bruján, Vidal",660644,309,303,612,224,72.5,36.6,9.1,85,27.5,13.9,-4.5,4.6,198,65.3,32.4,9.1,105,34.7,17.2,-3.6,5.5,9.0,10.1,1.1,4.6,61,65
407,"Garlick, Kyle",664247,293,309,602,198,67.6,32.9,8.9,95,32.4,15.8,-5.2,3.7,185,59.9,30.7,7.1,124,40.1,20.6,-3.5,3.6,7.7,7.2,-0.5,-2.0,28,29
408,"Heineman, Tyler",623168,326,269,595,237,72.7,39.8,8.7,89,27.3,15.0,-5.6,3.1,165,61.3,27.7,6.4,104,38.7,17.5,-2.6,3.8,6.1,6.9,0.8,3.2,56,58
409,"McKenna, Ryan",663630,311,283,594,238,76.5,40.1,8.2,73,23.5,12.3,-4.5,3.7,187,66.1,31.5,7.6,96,33.9,16.2,-3.3,4.4,7.1,8.0,1.0,4.2,59,63
410,"Suzuki, Kurt",435559,285,308,593,207,72.6,34.9,9.4,78,27.4,13.2,-4.7,4.8,184,59.7,31.0,8.7,124,40.3,20.9,-3.6,5.1,8.3,9.9,1.6,7.0,67,76
411,"Meadows, Austin",640457,242,348,590,173,71.5,29.3,7.2,69,28.5,11.7,-3.2,3.9,206,59.2,34.9,9.5,142,40.8,24.1,-2.8,6.7,8.3,10.6,2.3,10.1,74,89
412,"Grissom, Vaughn",687093,304,283,587,208,68.4,35.4,8.9,96,31.6,16.4,-6.4,2.6,179,63.3,30.5,7.8,104,36.7,17.7,-2.3,5.5,9.2,8.1,-1.1,-4.7,21,20
413,"Langeliers, Shea",669127,316,267,583,211,66.8,36.2,8.6,105,33.2,18.0,-5.9,2.7,172,64.4,29.5,7.1,95,35.6,16.3,-1.7,5.4,7.5,8.1,0.6,2.7,53,56
414,"Smith, Dominic",642086,262,315,577,197,75.2,34.1,7.9,65,24.8,11.3,-3.5,4.3,191,60.6,33.1,8.3,124,39.4,21.5,-3.8,4.6,7.7,8.9,1.1,5.0,61,67
415,"Lopez, Alejo",664670,289,282,571,205,70.9,35.9,7.7,84,29.1,14.7,-5.7,2.0,168,59.6,29.4,6.2,114,40.4,20.0,-2.3,3.9,5.9,5.8,-0.0,-0.2,40,39
416,"Call, Alex",669743,251,316,567,187,74.5,33.0,9.0,64,25.5,11.3,-3.0,6.1,191,60.4,33.7,8.3,125,39.6,22.0,-3.3,5.1,11.7,11.1,-0.6,-2.7,27,27
417,"Smith, Kevin",675656,294,265,559,194,66.0,34.7,8.0,100,34.0,17.9,-6.6,1.3,168,63.4,30.1,6.2,97,36.6,17.4,-2.7,3.6,6.0,4.9,-1.1,-4.8,21,19
418,"Heyward, Jason",518792,266,286,552,186,69.9,33.7,7.4,80,30.1,14.5,-5.2,2.2,175,61.2,31.7,8.1,111,38.8,20.1,-2.1,6.0,8.0,8.2,0.2,1.0,45,45
419,"Piscotty, Stephen",572039,305,249,554,200,65.6,36.1,8.3,105,34.4,19.0,-6.3,2.0,169,67.9,30.5,7.0,80,32.1,14.4,-1.3,5.7,7.6,7.7,0.2,0.8,45,45
420,"O'Hearn, Ryan",656811,270,277,547,195,72.2,35.6,7.6,75,27.8,13.7,-4.3,3.3,154,55.6,28.2,6.7,123,44.4,22.5,-3.9,2.8,7.7,6.1,-1.6,-7.4,17,11
421,"Hall, Darick",669742,284,258,542,204,71.8,37.6,8.2,80,28.2,14.8,-6.3,1.9,161,62.4,29.7,6.3,97,37.6,17.9,-3.0,3.3,6.0,5.2,-0.8,-3.9,24,22
422,"Williams, Luke",663897,265,266,531,197,74.3,37.1,6.8,68,25.7,12.8,-4.0,2.8,168,63.2,31.6,7.0,98,36.8,18.5,-2.7,4.3,7.0,7.1,0.1,0.3,43,43
423,"Henderson, Gunnar",683002,222,317,539,166,74.8,30.8,8.0,56,25.2,10.4,-3.4,4.6,198,62.5,36.7,9.9,119,37.5,22.1,-3.5,6.5,9.9,11.1,1.3,5.9,63,71
424,"Garcia, Dérmis",660650,274,261,535,190,69.3,35.5,9.6,84,30.7,15.7,-5.5,4.1,174,66.7,32.5,7.8,87,33.3,16.3,-2.8,5.1,8.9,9.1,0.2,0.9,45,45
425,"Allen, Greg",656185,238,286,524,177,74.4,33.8,7.2,61,25.6,11.6,-3.2,4.0,175,61.2,33.4,6.7,111,38.8,21.2,-4.0,2.7,5.6,6.7,1.1,5.3,61,68
426,"Moran, Colin",592567,264,266,530,183,69.3,34.5,6.9,81,30.7,15.3,-5.3,1.6,166,62.4,31.3,8.4,100,37.6,18.9,-2.6,5.8,8.8,7.3,-1.4,-6.9,19,13
427,"Alberto, Hanser",593643,315,200,515,210,66.7,40.8,8.6,105,33.3,20.4,-6.6,1.9,128,64.0,24.9,4.9,72,36.0,14.0,-1.3,3.6,6.9,5.5,-1.4,-6.8,19,13
428,"Romine, Austin",519222,273,232,505,182,66.7,36.0,7.1,91,33.3,18.0,-5.4,1.7,132,56.9,26.1,5.5,100,43.1,19.8,-2.6,2.9,6.7,4.7,-2.0,-10.1,13,6
429,"Palacios, Richie",680700,245,266,511,187,76.3,36.6,6.4,58,23.7,11.4,-3.7,2.7,168,63.2,32.9,6.7,98,36.8,19.2,-2.9,3.8,5.4,6.5,1.1,5.5,61,69
430,"Andujar, Miguel",609280,265,246,511,175,66.0,34.2,7.8,90,34.0,17.6,-5.8,2.0,142,57.7,27.8,5.8,104,42.3,20.4,-2.3,3.5,6.7,5.5,-1.3,-6.3,20,15
431,"Escobar, Alcides",444876,270,233,503,174,64.4,34.6,8.0,96,35.6,19.1,-7.6,0.4,142,60.9,28.2,4.9,91,39.1,18.1,-2.2,2.8,6.3,3.1,-3.2,-16.3,8,2
432,"Clemens, Kody",665019,270,239,509,197,73.0,38.7,8.8,73,27.0,14.3,-4.6,4.2,134,56.1,26.3,4.9,105,43.9,20.6,-2.2,2.7,7.1,7.0,-0.1,-0.6,38,35
433,"Stubbs, Garrett",596117,192,307,499,137,71.4,27.5,6.3,55,28.6,11.0,-3.2,3.1,156,50.8,31.3,6.6,151,49.2,30.3,-5.9,0.7,7.8,3.8,-4.0,-20.4,6,1
434,"Huff, Sam",669087,267,234,501,189,70.8,37.7,9.3,78,29.2,15.6,-6.0,3.3,163,69.7,32.5,7.8,71,30.3,14.2,-2.0,5.8,7.9,9.1,1.2,6.3,62,73
435,"Bote, David",623520,220,273,493,153,69.5,31.0,6.3,67,30.5,13.6,-4.6,1.8,158,57.9,32.0,6.4,115,42.1,23.3,-3.9,2.5,5.7,4.3,-1.4,-7.4,19,11
436,"Trejo, Alan",676701,257,234,491,178,69.3,36.3,7.7,79,30.7,16.1,-5.0,2.7,133,56.8,27.1,5.0,101,43.2,20.6,-2.3,2.6,6.0,5.3,-0.7,-3.4,26,24
437,"Madris, Bligh",676632,228,264,492,169,74.1,34.3,6.3,59,25.9,12.0,-3.4,3.0,148,56.1,30.1,6.7,116,43.9,23.6,-3.3,3.4,6.3,6.4,0.0,0.1,40,41
438,"Pérez, Michael",605421,217,274,491,153,70.5,31.2,7.2,64,29.5,13.0,-4.7,2.5,159,58.0,32.4,6.6,115,42.0,23.4,-3.7,2.9,5.6,5.4,-0.2,-1.3,35,32
439,"Bolt, Skye",621450,226,255,481,162,71.7,33.7,7.5,64,28.3,13.3,-3.9,3.6,159,62.4,33.1,7.1,96,37.6,20.0,-3.1,4.0,7.5,7.6,0.1,0.3,43,43
440,"Zunino, Mike",572287,246,236,482,156,63.4,32.4,6.8,90,36.6,18.7,-6.0,0.8,140,59.3,29.0,6.3,96,40.7,19.9,-2.6,3.7,6.2,4.5,-1.7,-9.0,16,8
441,"Eaton, Nate",681987,230,244,474,158,68.7,33.3,8.1,72,31.3,15.2,-4.7,3.4,155,63.5,32.7,7.2,89,36.5,18.8,-1.7,5.5,7.6,8.9,1.3,7.1,63,76
442,"Toglia, Michael",669911,228,250,478,162,71.1,33.9,7.2,66,28.9,13.8,-3.8,3.4,152,60.8,31.8,5.9,98,39.2,20.5,-3.8,2.1,5.4,5.5,0.0,0.2,40,42
443,"Collins, Zack",641470,197,280,477,148,75.1,31.0,7.5,49,24.9,10.3,-2.7,4.8,164,58.6,34.4,7.3,116,41.4,24.3,-3.5,3.7,8.7,8.5,-0.2,-1.0,35,33
444,"Herrera, Jose",645444,200,275,475,150,75.0,31.6,6.1,50,25.0,10.5,-3.5,2.6,168,61.1,35.4,6.1,107,38.9,22.5,-3.7,2.4,4.7,5.0,0.2,1.2,45,47
445,"Mercado, Óscar",640458,266,204,470,183,68.8,38.9,8.3,83,31.2,17.7,-5.1,3.2,143,70.1,30.4,6.3,61,29.9,13.0,-1.3,5.0,6.3,8.3,2.0,10.8,71,92
446,"Beer, Seth",666179,223,246,469,159,71.3,33.9,5.7,64,28.7,13.6,-3.8,1.9,146,59.3,31.1,7.2,100,40.7,21.3,-2.4,4.8,6.6,6.7,0.1,0.4,43,43
447,"Ibáñez, Andy",628451,217,248,465,166,76.5,35.7,6.7,51,23.5,11.0,-3.1,3.7,164,66.1,35.3,7.5,84,33.9,18.1,-2.8,4.7,5.5,8.4,2.9,15.9,77,98
448,"Carroll, Corbin",682998,203,253,456,146,71.9,32.0,5.8,57,28.1,12.5,-3.9,1.8,143,56.5,31.4,5.5,110,43.5,24.1,-3.7,1.9,5.2,3.7,-1.5,-8.3,18,9
449,"Lamb, Jake",571875,195,257,452,136,69.7,30.1,5.9,59,30.3,13.1,-3.7,2.2,153,59.5,33.8,7.2,104,40.5,23.0,-3.0,4.2,6.4,6.3,-0.0,-0.2,40,39
450,"Garcia, Aramis",605244,233,215,448,159,68.2,35.5,6.0,74,31.8,16.5,-4.5,1.5,128,59.5,28.6,4.9,87,40.5,19.4,-1.6,3.4,6.0,4.9,-1.2,-6.6,20,14
451,"White, Eli",642201,205,237,442,155,75.6,35.1,7.0,50,24.4,11.3,-3.1,3.9,152,64.1,34.4,6.2,85,35.9,19.2,-1.7,4.5,6.8,8.4,1.7,9.6,69,87
452,"Zimmer, Bradley",605548,222,212,434,164,73.9,37.8,7.9,58,26.1,13.4,-4.6,3.3,124,58.5,28.6,4.7,88,41.5,20.3,-3.3,1.3,6.2,4.6,-1.6,-9.6,17,7
453,"Culberson, Charlie",518586,256,180,436,176,68.8,40.4,7.4,80,31.2,18.3,-5.4,2.0,116,64.4,26.6,4.6,64,35.6,14.7,-2.1,2.5,5.7,4.5,-1.1,-6.7,21,14
454,"Waters, Drew",671221,203,229,432,151,74.4,35.0,5.9,52,25.6,12.0,-3.6,2.3,144,62.9,33.3,6.1,85,37.1,19.7,-2.3,3.8,4.9,6.1,1.2,7.2,62,76
455,"Carpenter, Kerry",681481,227,205,432,171,75.3,39.6,7.8,56,24.7,13.0,-3.4,4.4,123,60.0,28.5,5.0,82,40.0,19.0,-2.2,2.8,6.0,7.1,1.1,6.7,61,74
456,"Trammell, Taylor",666211,203,225,428,153,75.4,35.7,5.6,50,24.6,11.7,-3.5,2.1,142,63.1,33.2,5.5,83,36.9,19.4,-2.5,3.0,4.8,5.1,0.4,2.1,49,53
457,"Steer, Spencer",668715,179,249,428,130,72.6,30.4,5.0,49,27.4,11.4,-2.4,2.6,148,59.4,34.6,7.1,101,40.6,23.6,-3.7,3.4,6.2,5.9,-0.3,-1.7,33,30
458,"Fairchild, Stuart",656413,201,219,420,156,77.6,37.1,5.9,45,22.4,10.7,-2.9,3.0,134,61.2,31.9,5.7,85,38.8,20.2,-1.9,3.8,5.5,6.8,1.3,7.6,63,77
459,"Mendick, Danny",664901,177,244,421,137,77.4,32.5,5.4,40,22.6,9.5,-2.5,2.9,134,54.9,31.8,5.9,110,45.1,26.1,-2.6,3.3,4.9,6.2,1.3,8.0,63,80
460,"Adrianza, Ehire",501303,188,233,421,137,72.9,32.5,4.7,51,27.1,12.1,-2.5,2.3,133,57.1,31.6,6.0,100,42.9,23.8,-3.5,2.5,4.6,4.8,0.2,1.3,45,48
461,"Vosler, Jason",613564,195,222,417,138,70.8,33.1,6.1,57,29.2,13.7,-3.2,2.9,133,59.9,31.9,5.3,89,40.1,21.3,-3.2,2.1,5.4,5.0,-0.3,-2.1,33,28
462,"Bouchard, Sean",656248,158,260,418,116,73.4,27.8,5.3,42,26.6,10.0,-2.9,2.4,156,60.0,37.3,9.0,104,40.0,24.9,-3.1,5.9,8.4,8.3,-0.1,-0.6,38,35
463,"Moniak, Mickey",666160,240,172,412,153,63.7,37.1,6.5,87,36.2,21.1,-7.2,-0.7,108,62.8,26.2,3.5,64,37.2,15.5,-2.1,1.5,4.1,0.8,-3.3,-20.2,8,1
464,"Casas, Triston",671213,155,256,411,116,74.8,28.2,4.2,39,25.2,9.5,-2.9,1.3,161,62.9,39.2,9.2,95,37.1,23.1,-4.3,4.8,6.9,6.1,-0.8,-4.7,24,20
465,"Papierski, Michael",657709,175,231,406,134,76.6,33.0,6.5,41,23.4,10.1,-2.6,3.9,117,50.6,28.8,4.7,114,49.4,28.1,-4.6,0.2,5.3,4.0,-1.3,-7.9,20,10
466,"Mathias, Mark",664029,159,245,404,112,70.4,27.7,4.3,47,29.6,11.6,-3.1,1.2,150,61.2,37.1,6.0,95,38.8,23.5,-3.3,2.7,3.2,3.9,0.7,4.6,54,65
467,"Burdick, Peyton",680814,211,190,401,147,69.7,36.7,5.7,64,30.3,16.0,-3.9,1.9,122,64.2,30.4,5.5,68,35.8,17.0,-2.4,3.1,5.1,5.0,-0.1,-0.7,38,35
468,"Jones, Nolan",666134,173,225,398,126,72.8,31.7,6.2,47,27.2,11.8,-2.9,3.3,126,56.0,31.7,5.9,99,44.0,24.9,-4.3,1.6,6.9,5.0,-1.9,-12.1,14,5
469,"Jung, Josh",673962,185,209,394,116,62.7,29.4,5.7,69,37.3,17.5,-4.0,1.7,123,58.9,31.2,4.9,86,41.1,21.8,-2.6,2.3,4.7,4.0,-0.7,-4.8,26,19
470,"Gonzalez, Romy",663853,211,182,393,143,67.8,36.4,6.1,68,32.2,17.3,-3.9,2.2,111,61.0,28.2,3.7,71,39.0,18.1,-2.2,1.4,4.3,3.6,-0.7,-4.4,26,21
471,"León, Sandy",506702,146,240,386,112,76.7,29.0,4.2,34,23.3,8.8,-1.9,2.3,141,58.8,36.5,6.5,99,41.2,25.6,-3.6,2.9,5.3,5.2,-0.1,-0.6,38,35
472,"Vavra, Terrin",679631,190,193,383,151,79.5,39.4,5.6,39,20.5,10.2,-1.7,3.9,128,66.3,33.4,6.1,65,33.7,17.0,-1.4,4.6,5.9,8.5,2.6,17.2,76,99
473,"Canó, Robinson",429664,217,165,382,133,61.3,34.8,5.0,84,38.7,22.0,-5.9,-0.9,101,61.2,26.4,4.0,64,38.8,16.8,-1.7,2.3,4.1,1.4,-2.7,-18.1,10,2
474,"Demeritte, Travis",641513,165,216,381,128,77.6,33.6,5.8,37,22.4,9.7,-2.5,3.3,128,59.3,33.6,5.5,88,40.7,23.1,-2.8,2.7,4.6,6.0,1.5,9.9,66,88
475,"Davis, Jonathan",641505,155,220,375,120,77.4,32.0,5.6,35,22.6,9.3,-2.1,3.5,122,55.5,32.5,6.2,98,44.5,26.1,-3.6,2.7,5.5,6.1,0.7,4.5,54,64
476,"Castro, Jason",488771,177,192,369,127,71.8,34.4,5.4,50,28.2,13.6,-2.8,2.6,123,64.1,33.3,5.7,69,35.9,18.7,-2.1,3.5,5.7,6.1,0.5,3.2,51,58
477,"Stowers, Kyle",669065,203,164,367,139,68.5,37.9,5.8,64,31.5,17.4,-4.6,1.3,106,64.6,28.9,4.9,58,35.4,15.8,-0.8,4.1,4.1,5.3,1.3,8.7,63,82
478,"Maton, Nick",665155,178,187,365,128,71.9,35.1,6.7,50,28.1,13.7,-3.1,3.6,116,62.0,31.8,5.8,71,38.0,19.5,-2.0,3.8,6.7,7.4,0.8,5.3,56,68
479,"Kennedy, Buddy",671083,149,214,363,117,78.5,32.2,4.8,32,21.5,8.8,-2.1,2.7,126,58.9,34.7,5.9,88,41.1,24.2,-2.5,3.4,4.8,6.1,1.3,8.9,63,84
480,"Solak, Nick",669256,150,206,356,115,76.7,32.3,4.3,35,23.3,9.8,-2.2,2.1,113,54.9,31.7,4.8,93,45.1,26.1,-2.9,2.0,4.3,4.0,-0.3,-2.3,33,28
481,"Kreidler, Ryan",668952,172,180,352,129,75.0,36.6,4.8,43,25.0,12.2,-2.6,2.3,112,62.2,31.8,4.7,68,37.8,19.3,-1.9,2.8,3.8,5.0,1.3,9.2,63,85
482,"Mercedes, Yermín",606213,175,177,352,114,65.1,32.4,4.2,61,34.9,17.3,-3.5,0.7,112,63.3,31.8,5.2,65,36.7,18.5,-1.5,3.7,4.8,4.4,-0.4,-3.0,30,25
483,"Viloria, Meibrys",650619,130,217,347,103,79.2,29.7,3.8,27,20.8,7.8,-1.7,2.1,131,60.4,37.8,6.2,86,39.6,24.8,-2.8,3.5,5.9,5.6,-0.3,-1.9,33,29
484,"Ríos, Edwin",621458,175,172,347,124,70.9,35.7,5.6,51,29.1,14.7,-3.0,2.6,97,56.4,28.0,4.2,75,43.6,21.6,-2.7,1.4,4.1,4.0,-0.1,-0.8,38,34
485,"Heredia, Guillermo",628338,186,157,343,122,65.6,35.6,5.1,64,34.4,18.7,-3.1,1.9,105,66.9,30.6,4.5,52,33.1,15.2,-1.1,3.4,3.9,5.4,1.4,10.6,65,91
486,"Quinn, Roman",596451,158,185,343,116,73.4,33.8,4.9,42,26.6,12.2,-2.5,2.4,116,62.7,33.8,4.7,69,37.3,20.1,-3.1,1.6,4.8,3.9,-0.9,-6.7,23,14
487,"Sierra, Magneuris",642423,181,156,337,128,70.7,38.0,5.6,53,29.3,15.7,-3.5,2.1,93,59.6,27.6,3.2,63,40.4,18.7,-2.4,0.8,4.7,2.9,-1.8,-13.7,15,4
488,"Freeman, Tyler",671289,172,168,340,118,68.6,34.7,5.6,54,31.4,15.9,-3.7,1.9,107,63.7,31.5,4.6,61,36.3,17.9,-1.0,3.6,5.7,5.5,-0.2,-1.1,35,33
489,"Encarnación, Jerar",666464,185,154,339,128,69.2,37.8,5.3,57,30.8,16.8,-3.6,1.7,97,63.0,28.6,3.8,57,37.0,16.8,-0.8,2.9,4.8,4.6,-0.2,-1.3,35,32
490,"Aranda, Jonathan",666018,147,187,334,111,75.5,33.2,4.8,36,24.5,10.8,-2.4,2.4,109,58.3,32.6,4.6,78,41.7,23.4,-3.0,1.6,3.7,4.0,0.3,2.1,47,53
491,"Hill, Derek",656537,160,163,323,101,63.1,31.3,4.5,59,36.9,18.3,-3.9,0.6,107,65.6,33.1,4.3,56,34.4,17.3,-2.3,2.0,4.4,2.6,-1.7,-13.6,16,4
492,"Duggar, Steven",621453,145,181,326,108,74.5,33.1,3.8,37,25.5,11.3,-2.5,1.3,97,53.6,29.8,5.1,84,46.4,25.8,-4.4,0.7,3.8,2.0,-1.7,-13.6,16,4
493,"Sanó, Miguel",593934,129,197,326,98,76.0,30.1,5.0,31,24.0,9.5,-1.9,3.0,138,70.1,42.3,6.8,59,29.9,18.1,-2.1,4.7,6.3,7.7,1.4,10.8,65,92
494,"Pinto, René",650907,182,143,325,131,72.0,40.3,4.6,51,28.0,15.7,-3.2,1.3,94,65.7,28.9,3.1,49,34.3,15.1,-1.3,1.8,2.6,3.2,0.5,4.0,51,62
495,"Thaiss, Matt",642136,152,172,324,120,78.9,37.0,4.6,32,21.1,9.9,-2.2,2.4,105,61.0,32.4,5.9,67,39.0,20.7,-2.1,3.8,5.4,6.2,0.8,6.1,56,72
496,"Barrera, Luis",642456,151,163,314,114,75.5,36.3,4.7,37,24.5,11.8,-2.4,2.3,104,63.8,33.1,4.4,59,36.2,18.8,-2.0,2.4,4.9,4.8,-0.2,-1.5,35,31
497,"Garrett, Stone",656448,177,135,312,122,68.9,39.1,5.0,55,31.1,17.6,-3.5,1.5,91,67.4,29.2,3.7,44,32.6,14.1,-1.3,2.4,2.7,3.9,1.2,10.1,62,89
498,"Gosselin, Phil",594838,143,166,309,86,60.1,27.8,4.2,57,39.9,18.4,-3.7,0.5,97,58.4,31.4,3.6,69,41.6,22.3,-2.3,1.4,3.1,1.9,-1.2,-9.6,20,7
499,"Pérez, Roberto",547379,123,185,308,92,74.8,29.9,3.9,31,25.2,10.1,-1.6,2.3,107,57.8,34.7,5.3,78,42.2,25.3,-2.2,3.1,4.2,5.3,1.1,9.3,61,86
500,"Palacios, Jermaine",650339,176,126,302,121,68.8,40.1,4.7,55,31.2,18.2,-3.6,1.2,83,65.9,27.5,3.7,43,34.1,14.2,-0.9,2.8,3.9,4.0,0.1,0.9,43,45
501,"Mitchell, Garrett",669003,144,154,298,116,80.6,38.9,4.5,28,19.4,9.4,-1.7,2.8,76,49.4,25.5,3.0,78,50.6,26.2,-2.7,0.3,4.9,3.1,-1.8,-15.3,15,3
502,"Walton, Donovan",622268,154,141,295,112,72.7,38.0,4.4,42,27.3,14.2,-2.2,2.2,84,59.6,28.5,3.1,57,40.4,19.3,-2.3,0.7,3.4,3.0,-0.4,-3.5,30,23
503,"Simmons, Andrelton",592743,143,152,295,96,67.1,32.5,3.3,47,32.9,15.9,-2.7,0.6,91,59.9,30.8,3.8,61,40.1,20.7,-1.4,2.4,3.4,3.0,-0.4,-3.0,30,25
504,"Hermosillo, Michael",641684,150,146,296,93,62.0,31.4,3.8,57,38.0,19.3,-3.2,0.6,96,65.8,32.4,4.2,50,34.2,16.9,-1.3,3.0,4.0,3.5,-0.4,-3.6,30,23
505,"Stevenson, Cal",670276,113,180,293,92,81.4,31.4,3.4,21,18.6,7.2,-0.9,2.6,100,55.6,34.1,3.7,80,44.4,27.3,-2.1,1.6,3.2,4.2,1.0,8.7,59,82
506,"Marisnick, Jake",545350,160,122,282,106,66.2,37.6,4.1,54,33.8,19.1,-4.4,-0.4,78,63.9,27.7,2.8,44,36.1,15.6,-1.2,1.5,2.7,1.1,-1.6,-14.3,17,4
507,"Mazeika, Patrick",664850,141,143,284,90,63.8,31.7,3.9,51,36.2,18.0,-2.3,1.6,95,66.4,33.5,3.2,48,33.6,16.9,-1.7,1.5,2.5,3.1,0.7,6.0,54,72
508,"Raley, Luke",670042,142,139,281,99,69.7,35.2,4.0,43,30.3,15.3,-2.4,1.6,89,64.0,31.7,4.0,50,36.0,17.8,-0.8,3.2,4.7,4.8,0.1,0.7,43,44
509,"Tucker, Cole",657061,128,150,278,95,74.2,34.2,4.4,33,25.8,11.9,-1.7,2.7,81,54.0,29.1,2.8,69,46.0,24.8,-2.0,0.8,3.3,3.4,0.1,0.8,43,45
510,"Matijevic, J.J.",656695,141,132,273,92,65.2,33.7,4.3,49,34.8,17.9,-3.7,0.6,82,62.1,30.0,3.5,50,37.9,18.3,-2.2,1.3,3.5,1.9,-1.6,-14.5,17,4
511,"Cameron, Daz",663662,127,139,266,97,76.4,36.5,3.3,30,23.6,11.3,-1.7,1.6,93,66.9,35.0,3.8,46,33.1,17.3,-1.1,2.6,3.3,4.2,0.9,8.7,58,82
512,"Moreno, Gabriel",672515,127,138,265,91,71.7,34.3,3.0,36,28.3,13.6,-2.2,0.9,71,51.4,26.8,2.9,67,48.6,25.3,-1.9,1.0,2.4,1.9,-0.5,-5.0,28,18
513,"Lewis, Kyle",641786,125,138,263,83,66.4,31.6,3.6,42,33.6,16.0,-2.1,1.5,104,75.4,39.5,4.7,34,24.6,12.9,-0.4,4.3,4.1,5.8,1.7,16.1,69,98
514,"Groshans, Jordan",677954,117,146,263,89,76.1,33.8,3.7,28,23.9,10.6,-2.0,1.6,83,56.8,31.6,3.5,63,43.2,24.0,-1.8,1.7,2.8,3.3,0.5,4.7,51,66
515,"Owings, Chris",572008,111,149,260,76,68.5,29.2,2.8,35,31.5,13.5,-2.0,0.8,87,58.4,33.5,4.8,62,41.6,23.8,-2.5,2.3,3.1,3.1,-0.0,-0.0,40,40
516,"Hager, Jake",606993,122,138,260,89,73.0,34.2,3.4,33,27.0,12.7,-1.8,1.6,88,63.8,33.8,4.5,50,36.2,19.2,-0.8,3.7,4.4,5.3,0.9,9.2,58,85
517,"Jankowski, Travis",608671,94,157,251,74,78.7,29.5,3.8,20,21.3,8.0,-1.4,2.4,99,63.1,39.4,4.8,58,36.9,23.1,-2.0,2.8,3.5,5.2,1.6,16.6,67,99
518,"Wallner, Matt",670242,113,144,257,82,72.6,31.9,3.7,31,27.4,12.1,-1.8,1.8,101,70.1,39.3,4.5,43,29.9,16.7,-2.2,2.3,3.8,4.1,0.4,3.6,49,61
519,"McKinney, Billy",641856,107,148,255,87,81.3,34.1,4.8,20,18.7,7.8,-0.9,3.9,83,56.1,32.5,3.7,65,43.9,25.5,-2.1,1.6,4.5,5.5,1.0,10.2,59,89
520,"Mayfield, Jack",608686,121,132,253,84,69.4,33.2,3.6,37,30.6,14.6,-2.3,1.3,80,60.6,31.6,2.8,52,39.4,20.6,-1.7,1.2,3.0,2.4,-0.5,-5.2,28,18
521,"MacKinnon, David",676950,112,140,252,82,73.2,32.5,4.8,30,26.8,11.9,-2.1,2.7,83,59.3,32.9,3.7,57,40.7,22.6,-2.3,1.4,4.0,4.2,0.1,1.3,43,48
522,"Stefanic, Michael",683021,103,147,250,83,80.6,33.2,3.1,20,19.4,8.0,-1.1,2.0,84,57.1,33.6,3.3,63,42.9,25.2,-1.9,1.5,2.5,3.5,1.0,9.9,59,88
523,"Bemboom, Anthony",621532,107,137,244,87,81.3,35.7,4.3,20,18.7,8.2,-1.2,3.1,83,60.6,34.0,3.8,54,39.4,22.1,-2.4,1.4,4.3,4.5,0.2,2.4,45,55
524,"Capel, Conner",668843,108,133,241,79,73.1,32.8,2.9,29,26.9,12.0,-1.9,0.9,79,59.4,32.8,3.6,54,40.6,22.4,-1.4,2.2,2.7,3.1,0.4,4.5,49,64
525,"Lagares, Juan",501571,124,114,238,76,61.3,31.9,2.9,48,38.7,20.2,-3.7,-0.8,69,60.5,29.0,2.3,45,39.5,18.9,-1.2,1.1,2.3,0.4,-2.0,-20.9,13,1
526,"Park, Hoy",660829,91,145,236,71,78.0,30.1,3.0,20,22.0,8.5,-0.8,2.2,83,57.2,35.2,2.6,62,42.8,26.3,-1.4,1.2,2.8,3.4,0.6,6.5,53,74
527,"Calhoun, Willie",641432,85,147,232,67,78.8,28.9,2.5,18,21.2,7.8,-1.2,1.3,98,66.7,42.2,4.6,49,33.3,21.1,-1.7,3.0,3.1,4.3,1.1,12.3,61,94
528,"Arias, Gabriel",672356,97,134,231,66,68.0,28.6,2.0,31,32.0,13.4,-2.2,-0.2,78,58.2,33.8,4.0,56,41.8,24.2,-1.4,2.6,3.9,2.4,-1.5,-16.6,18,2
529,"Benson, Will",666181,97,131,228,74,76.3,32.5,3.1,23,23.7,10.1,-1.5,1.6,64,48.9,28.1,3.0,67,51.1,29.4,-2.3,0.8,3.0,2.3,-0.7,-7.7,26,10
530,"Upton, Justin",457708,104,125,229,74,71.2,32.3,2.6,30,28.8,13.1,-1.4,1.3,79,63.2,34.5,3.5,46,36.8,20.1,-1.0,2.5,3.3,3.7,0.4,4.5,49,64
531,"Rojas, Jose",670351,130,97,227,86,66.2,37.9,3.1,44,33.8,19.4,-2.3,0.8,55,56.7,24.2,1.8,42,43.3,18.5,-1.1,0.7,2.4,1.6,-0.8,-8.9,24,8
532,"Soto, Livan",670869,110,110,220,86,78.2,39.1,3.3,24,21.8,10.9,-1.5,1.8,64,58.2,29.1,2.2,46,41.8,20.9,-1.3,1.0,3.2,2.7,-0.4,-5.2,30,18
533,"Wong, Connor",657136,106,113,219,70,66.0,32.0,3.2,36,34.0,16.4,-2.0,1.2,65,57.5,29.7,2.7,48,42.5,21.9,-0.9,1.8,3.1,3.0,-0.0,-0.4,40,37
534,"Contreras, Mark",676628,136,82,218,98,72.1,45.0,4.0,38,27.9,17.4,-2.3,1.6,53,64.6,24.3,2.0,29,35.4,13.3,-0.7,1.3,2.4,2.9,0.5,6.0,51,72
535,"Mondesi, Adalberto",609275,107,106,213,73,68.2,34.3,2.7,34,31.8,16.0,-2.1,0.6,77,72.6,36.2,3.4,29,27.4,13.6,-1.7,1.7,2.6,2.3,-0.3,-3.7,33,22
536,"Ahmed, Nick",605113,105,103,208,81,77.1,38.9,2.8,24,22.9,11.5,-0.6,2.2,54,52.4,26.0,2.0,49,47.6,23.6,-1.9,0.1,2.2,2.3,0.1,1.2,43,47
537,"Palacios, Joshua",641943,111,94,205,76,68.5,37.1,2.5,35,31.5,17.1,-2.1,0.4,59,62.8,28.8,2.1,35,37.2,17.1,-1.4,0.7,1.9,1.1,-0.7,-9.2,26,7
538,"Muñoz, Yairo",622168,122,85,207,87,71.3,42.0,5.4,35,28.7,16.9,-2.4,3.0,57,67.1,27.5,2.3,28,32.9,13.5,-0.3,2.0,3.6,5.1,1.4,17.4,65,99
539,"Robinson, Chuckie",642020,122,83,205,78,63.9,38.0,3.9,44,36.1,21.5,-2.9,1.0,48,57.8,23.4,1.5,35,42.2,17.1,-1.2,0.3,2.0,1.3,-0.7,-8.5,26,8
540,"Goodrum, Niko",592348,108,94,202,73,67.6,36.1,3.1,35,32.4,17.3,-1.6,1.5,57,60.6,28.2,2.4,37,39.4,18.3,-1.4,1.0,3.0,2.4,-0.5,-6.5,28,15
541,"Vargas, Miguel",678246,103,99,202,76,73.8,37.6,3.3,27,26.2,13.4,-1.4,1.9,59,59.6,29.2,1.9,40,40.4,19.8,-1.1,0.8,2.3,2.7,0.4,5.2,49,68
542,"Strange-Gordon, Dee",543829,113,80,193,83,73.5,43.0,3.6,30,26.5,15.5,-1.5,2.1,46,57.5,23.8,0.8,34,42.5,17.6,-0.8,0.0,1.9,2.1,0.2,2.8,45,56
543,"Barrera, Tres",668663,104,90,194,72,69.2,37.1,3.2,32,30.8,16.5,-1.9,1.3,53,58.9,27.3,1.8,37,41.1,19.1,-1.5,0.3,2.0,1.6,-0.4,-4.9,30,19
544,"Burleson, Alec",676475,96,93,189,64,66.7,33.9,2.1,32,33.3,16.9,-2.5,-0.3,75,80.6,39.7,3.5,18,19.4,9.5,-0.5,3.0,2.7,2.7,-0.1,-1.2,38,32
545,"Sánchez, Yolmer",570560,82,100,182,55,67.1,30.2,2.2,27,32.9,14.8,-2.0,0.2,58,58.0,31.9,2.7,42,42.0,23.1,-1.3,1.4,2.2,1.6,-0.6,-7.7,27,10
546,"Quiroz, Esteban",606019,77,105,182,55,71.4,30.2,1.7,22,28.6,12.1,-1.1,0.6,57,54.3,31.3,2.5,48,45.7,26.4,-1.1,1.4,3.0,2.0,-1.1,-14.8,21,3
547,"Vientos, Mark",668901,91,92,183,62,68.1,33.9,3.2,29,31.9,15.8,-1.4,1.8,57,62.0,31.1,3.2,35,38.0,19.1,-0.5,2.6,3.8,4.4,0.7,9.1,54,84
548,"Murphy, Tom",608596,81,100,181,54,66.7,29.8,2.4,27,33.3,14.9,-1.5,0.9,71,71.0,39.2,3.8,29,29.0,16.0,-1.3,2.5,2.8,3.4,0.6,8.6,53,82
549,"Nuñez, Dom",624513,67,110,177,52,77.6,29.4,2.5,15,22.4,8.5,-0.9,1.6,68,61.8,38.4,2.7,42,38.2,23.7,-1.6,1.1,1.9,2.7,0.7,10.1,54,89
550,"Beaty, Matt",607461,73,102,175,50,68.5,28.6,2.2,23,31.5,13.1,-1.3,0.9,62,60.8,35.4,2.7,40,39.2,22.9,-1.6,1.1,1.7,1.9,0.3,4.0,47,62
551,"González, Erik",570481,96,80,176,67,69.8,38.1,3.6,29,30.2,16.5,-1.9,1.6,57,71.2,32.4,2.9,23,28.7,13.1,-0.6,2.3,2.6,4.0,1.4,20.2,65,100
552,"Knapp, Andrew",595284,89,87,176,64,71.9,36.4,3.0,25,28.1,14.2,-1.5,1.5,54,62.1,30.7,2.3,33,37.9,18.8,-0.5,1.8,2.7,3.3,0.6,9.2,53,85
553,"Gallagher, Cam",595956,85,89,174,58,68.2,33.3,1.8,27,31.8,15.5,-1.5,0.3,59,66.3,33.9,2.8,30,33.7,17.2,-1.2,1.6,2.5,2.0,-0.6,-8.0,27,9
554,"Downs, Jeter",669023,95,78,173,64,67.4,37.0,2.8,31,32.6,17.9,-1.8,1.0,47,60.3,27.2,1.9,31,39.7,17.9,-1.2,0.7,2.6,1.7,-0.9,-12.6,23,5
555,"Frazier, Clint",640449,69,99,168,52,75.4,31.0,1.9,17,24.6,10.1,-0.9,1.0,59,59.6,35.1,3.0,40,40.4,23.8,-1.3,1.7,2.2,2.8,0.6,8.7,53,82
556,"Brinson, Lewis",621446,79,88,167,50,63.3,29.9,1.2,29,36.7,17.4,-1.2,0.1,44,50.0,26.3,2.0,44,50.0,26.3,-0.9,1.1,2.8,1.2,-1.7,-25.2,16,0
557,"Wallach, Chad",595453,80,88,168,61,76.2,36.3,2.0,19,23.8,11.3,-0.6,1.5,54,61.4,32.1,2.6,34,38.6,20.2,-1.0,1.6,2.6,3.1,0.4,6.6,49,74
558,"Bernard, Wynton",592144,92,75,167,62,67.4,37.1,2.9,30,32.6,18.0,-1.3,1.6,44,58.7,26.3,1.3,31,41.3,18.6,-0.6,0.7,2.1,2.2,0.1,1.9,43,51
559,"Locastro, Tim",641796,90,74,164,64,71.1,39.0,3.4,26,28.9,15.9,-1.6,1.7,42,56.8,25.6,1.5,32,43.2,19.5,-0.5,0.9,2.7,2.7,-0.0,-0.7,40,35
560,"Diaz, Jordan",672478,103,59,162,79,76.7,48.8,2.2,24,23.3,14.8,-1.3,0.8,38,64.4,23.5,1.4,21,35.6,13.0,-0.0,1.4,1.4,2.2,0.8,12.4,56,95
561,"Campusano, Luis",669134,101,60,161,62,61.4,38.5,2.5,39,38.6,24.2,-2.5,0.0,36,60.0,22.4,1.2,24,40.0,14.9,-0.1,1.2,1.6,1.2,-0.4,-6.0,30,16
562,"Peraza, Oswald",672724,79,81,160,59,74.7,36.9,2.3,20,25.3,12.5,-1.3,1.0,49,60.5,30.6,2.2,32,39.5,20.0,-1.0,1.3,2.0,2.3,0.3,5.3,47,68
563,"Araúz, Jonathan",660620,71,89,160,55,77.5,34.4,1.9,16,22.5,10.0,-1.0,0.9,47,52.8,29.4,1.6,42,47.2,26.2,-1.2,0.4,1.5,1.3,-0.3,-4.1,33,21
564,"Almonte, Abraham",501659,59,93,152,41,69.5,27.0,1.9,18,30.5,11.8,-1.1,0.8,49,52.7,32.2,1.6,44,47.3,28.9,-1.3,0.3,1.9,1.2,-0.8,-13.2,24,5
565,"Dickerson, Alex",543105,65,86,151,50,76.9,33.1,2.1,15,23.1,9.9,-1.1,0.9,55,64.0,36.4,2.3,31,36.0,20.5,-0.9,1.4,2.0,2.3,0.3,5.6,47,70
566,"Brennan, Will",686823,95,55,150,64,67.4,42.7,2.9,31,32.6,20.7,-2.2,0.7,32,58.2,21.3,1.2,23,41.8,15.3,-0.4,0.7,1.8,1.4,-0.4,-6.2,30,15
567,"Astudillo, Willians",553902,98,51,149,60,61.2,40.3,2.5,38,38.8,25.5,-2.6,-0.1,37,72.5,24.8,1.7,14,27.5,9.4,0.0,1.7,2.1,1.5,-0.5,-9.3,28,7
568,"Baty, Brett",683146,72,74,146,51,70.8,34.9,2.1,21,29.2,14.4,-1.5,0.6,52,70.3,35.6,1.8,22,29.7,15.1,-0.7,1.1,1.3,1.8,0.5,7.9,51,79
569,"Hensley, David",682073,57,85,142,45,78.9,31.7,1.5,12,21.1,8.5,-0.9,0.6,55,64.7,38.7,2.9,30,35.3,21.1,-0.7,2.2,1.7,2.8,1.1,19.8,61,100
570,"Rooker, Brent",667670,72,70,142,51,70.8,35.9,1.6,21,29.2,14.8,-1.4,0.2,52,74.3,36.6,2.0,18,25.7,12.7,-1.0,1.0,0.8,1.2,0.3,6.0,47,72
571,"Lewis, Royce",668904,72,67,139,55,76.4,39.6,2.5,17,23.6,12.2,-0.8,1.6,42,62.7,30.2,1.4,25,37.3,18.0,-0.6,0.9,1.5,2.5,1.0,18.9,59,99
572,"Florial, Estevan",664314,69,71,140,52,75.4,37.1,2.6,17,24.6,12.1,-1.5,1.1,44,62.0,31.4,1.7,27,38.0,19.3,-0.9,0.8,1.8,1.8,-0.0,-0.2,40,39
573,"Davidson, Matt",571602,65,74,139,48,73.8,34.5,2.6,17,26.2,12.2,-1.7,0.9,41,55.4,29.5,1.6,33,44.6,23.7,-1.2,0.4,2.2,1.3,-0.8,-15.0,24,3
574,"Hernandez, Elier",609274,76,61,137,50,65.8,36.5,2.1,26,34.2,19.0,-1.7,0.4,34,55.7,24.8,1.4,27,44.3,19.7,-0.8,0.6,0.8,1.0,0.2,3.8,45,62
575,"Sosa, Lenyn",672820,82,54,136,49,59.8,36.0,2.0,33,40.2,24.3,-1.9,0.1,24,44.4,17.6,0.8,30,55.6,22.1,-0.7,0.1,1.2,0.2,-1.1,-20.0,21,1
576,"Gutiérrez, Kelvin",642721,58,75,133,43,74.1,32.3,2.6,15,25.9,11.3,-1.6,1.0,45,60.0,33.8,1.9,30,40.0,22.6,-0.7,1.1,2.4,2.2,-0.3,-5.4,33,17
577,"Ruiz, Esteury",665923,70,58,128,52,74.3,40.6,1.4,18,25.7,14.1,-1.0,0.4,35,60.3,27.3,1.2,23,39.7,18.0,-0.8,0.4,0.5,0.7,0.2,4.8,45,66
578,"Henry, Payton",668721,60,73,133,45,75.0,33.8,1.6,15,25.0,11.3,-0.6,1.0,43,58.9,32.3,2.8,30,41.1,22.6,-0.9,1.9,2.3,2.8,0.5,10.3,51,90
579,"Padlo, Kevin",656821,69,63,132,46,66.7,34.8,1.7,23,33.3,17.4,-1.8,-0.1,36,57.1,27.3,1.7,27,42.9,20.5,-0.6,1.1,1.8,1.0,-0.8,-14.7,24,3
580,"Payton, Mark",592622,69,61,130,50,72.5,38.5,2.2,19,27.5,14.6,-0.5,1.7,40,65.6,30.8,1.8,21,34.4,16.2,-0.2,1.6,3.2,3.3,0.1,2.0,43,52
581,"Martin, Richie",621006,53,77,130,35,66.0,26.9,1.8,18,34.0,13.8,-0.5,1.3,53,68.8,40.8,2.1,24,31.2,18.5,-0.6,1.4,2.2,2.7,0.5,9.0,51,84
582,"Davis, Jaylin",664041,54,74,128,35,64.8,27.3,1.6,19,35.2,14.8,-0.4,1.2,50,67.6,39.1,2.3,24,32.4,18.8,-0.4,1.9,2.3,3.0,0.8,15.1,56,97
583,"Tovar, Ezequiel",678662,74,52,126,51,68.9,40.5,2.1,23,31.1,18.3,-1.7,0.4,37,71.2,29.4,1.6,15,28.8,11.9,-0.4,1.2,2.0,1.6,-0.3,-6.7,33,14
584,"Thomas, Cody",642137,79,46,125,58,73.4,46.4,2.3,21,26.6,16.8,-1.3,1.0,33,71.7,26.4,1.8,13,28.3,10.4,-0.2,1.5,2.4,2.5,0.2,3.4,45,60
585,"Bae, Ji Hwan",678225,56,61,117,45,80.4,38.5,1.4,11,19.6,9.4,-0.8,0.7,32,52.5,27.4,1.1,29,47.5,24.8,-0.4,0.7,1.0,1.4,0.4,9.3,49,86
586,"Guthrie, Dalton",656495,49,71,120,33,67.3,27.5,1.2,16,32.7,13.3,-1.1,0.1,50,70.4,41.7,2.6,21,29.6,17.5,-0.8,1.8,2.3,2.0,-0.4,-7.7,30,10
587,"Hernández, Yonny",660634,51,63,114,39,76.5,34.2,1.2,12,23.5,10.5,-0.9,0.3,30,47.6,26.3,1.4,33,52.4,28.9,-1.1,0.3,1.3,0.6,-0.7,-15.8,26,2
588,"Reks, Zach",676646,64,50,114,47,73.4,41.2,2.6,17,26.6,14.9,-1.1,1.5,28,56.0,24.6,0.8,22,44.0,19.3,-0.8,0.0,1.6,1.5,-0.1,-3.0,38,25
589,"Rivero, Sebastián ",665861,54,56,110,36,66.7,32.7,1.5,18,33.3,16.4,-1.2,0.3,34,60.7,30.9,1.6,22,39.3,20.0,-0.5,1.2,1.6,1.5,-0.2,-4.1,35,21
590,"Hamilton, Caleb",643348,51,58,109,39,76.5,35.8,1.8,12,23.5,11.0,-0.9,1.0,33,56.9,30.3,1.7,25,43.1,22.9,-1.2,0.4,1.4,1.4,0.0,0.2,40,42
591,"Fox, Lucius",665650,55,54,109,36,65.5,33.0,1.3,19,34.5,17.4,-1.6,-0.3,32,59.3,29.4,1.5,22,40.7,20.2,-1.2,0.2,1.0,-0.1,-1.0,-23.6,22,1
592,"Aguilar, Ryan",666922,57,43,100,42,73.7,42.0,2.6,15,26.3,15.0,-1.0,1.6,26,60.5,26.0,1.4,17,39.5,17.0,-0.8,0.6,2.4,2.2,-0.2,-4.8,35,19
593,"Lee, Korey",686676,60,40,100,43,71.7,43.0,2.4,17,28.3,17.0,-1.4,0.9,21,52.5,21.0,0.9,19,47.5,19.0,-0.4,0.5,1.9,1.4,-0.5,-13.5,28,5
