"pitches","player_id","player_name","total_pitches","pitch_percent","ba","iso","babip","slg","woba","xwoba","xba","hits","abs","launch_speed","launch_angle","spin_rate","velocity","effective_speed","whiffs","swings","takes","eff_min_vel","release_extension","pos3_int_start_distance","pos4_int_start_distance","pos5_int_start_distance","pos6_int_start_distance","pos7_int_start_distance","pos8_int_start_distance","pos9_int_start_distance","pitcher_run_exp","run_exp"
482,605141,"Betts, Mookie",482,100,0.347,0.265,0.359,0.612,0.463,0.425,0.326,34,98,92.3,22,2197,89.1,89.32,25,170,312,0.20000000000000284,6.45,110,153,122,147,304,322,298,"-17.6","17.6"
477,572233,"Walker, Christian",477,100,0.258,0.151,0.323,0.409,0.362,0.359,0.244,24,93,89.7,13.9,2242,88.8,89.27,53,215,261,0.5,6.53,110,151,124,147,304,328,298,"-4.5","4.5"
466,545361,"Trout, Mike",466,100,0.237,0.344,0.213,0.581,0.387,0.401,0.269,22,93,88.3,26.7,2318,89.8,89.95,43,205,261,0.10000000000000853,6.5,105,150,121,143,306,327,298,"-1.6","1.6"
466,650490,"Díaz, Yandy",466,100,0.225,0.069,0.259,0.294,0.258,0.267,0.236,23,102,90.1,3.8,2246,90.1,90.12,28,216,250,0,6.41,109,151,123,149,309,329,292,"1.2","-1.2"
461,592450,"Judge, Aaron",461,100,0.18,0.169,0.232,0.348,0.302,0.333,0.214,16,89,93.5,19.6,2329,88.4,88.54,61,189,272,0.09999999999999432,6.51,104,152,123,146,302,327,294,"0.9","-0.9"
458,665742,"Soto, Juan",458,100,0.319,0.22,0.338,0.538,0.427,0.433,0.304,29,91,94.5,10.7,2270,88.8,88.91,35,168,290,0.10000000000000853,6.46,115,147,124,151,292,322,300,"-13.3","13.3"
458,660271,"Ohtani, Shohei",458,100,0.364,0.313,0.4,0.677,0.471,0.5,0.373,36,99,95.1,14,2158,88.9,89.33,50,217,241,0.3999999999999915,6.48,115,146,126,152,302,325,307,"-8.2","8.2"
457,668804,"Reynolds, Bryan",457,100,0.261,0.12,0.31,0.38,0.347,0.375,0.265,24,92,86.2,8.9,2133,89.1,89.29,64,194,263,0.20000000000000284,6.46,111,148,118,149,296,319,295,"-4.1","4.1"
455,518692,"Freeman, Freddie",455,100,0.297,0.11,0.366,0.407,0.369,0.379,0.281,27,91,88.9,14.3,2208,88.5,88.48,46,223,232,0,6.37,119,145,124,150,295,319,303,"-5.3","5.3"
448,673490,"Kim, Ha-Seong",448,100,0.228,0.174,0.243,0.402,0.319,0.32,0.253,21,92,85.2,17.2,2180,89.4,89.69,22,157,291,0.29999999999999716,6.55,109,151,115,146,299,319,289,"-0.4","0.4"
448,641857,"McMahon, Ryan",448,100,0.311,0.122,0.426,0.433,0.365,0.324,0.245,28,90,93.8,6.8,2210,89.6,90.05,67,211,237,0.4000000000000057,6.44,114,146,116,151,291,327,301,"-5.9","5.9"
448,607043,"Nimmo, Brandon",448,100,0.195,0.134,0.237,0.329,0.326,0.408,0.287,16,82,92.4,15.6,2245,89.5,88.98,40,176,272,-0.5,6.59,119,146,113,151,287,320,303,"-6.3","6.3"
445,650402,"Torres, Gleyber",445,100,0.186,0.023,0.262,0.209,0.244,0.275,0.191,16,86,88.1,18.7,2295,87.8,87.88,60,199,246,0.10000000000000853,6.47,109,152,120,146,299,317,284,"7.1","-7.1"
443,682985,"Greene, Riley",443,100,0.247,0.259,0.294,0.506,0.399,0.401,0.242,20,81,90.8,8.8,2212,88.5,87.47,51,175,268,-1,6.49,117,147,122,152,293,326,298,"-8.4","8.4"
439,621566,"Olson, Matt",439,100,0.212,0.212,0.263,0.424,0.327,0.358,0.244,18,85,94.4,15.3,2244,89.5,89.79,54,199,240,0.29999999999999716,6.54,118,146,126,151,300,325,301,"1.3","-1.3"
438,677951,"Witt Jr., Bobby",438,100,0.316,0.265,0.375,0.582,0.409,0.44,0.32,31,98,95.2,13.4,2306,89.2,89.75,62,224,214,0.5,6.61,112,151,120,147,310,327,299,"-4.5","4.5"
437,680776,"Duran, Jarren",437,100,0.27,0.12,0.342,0.39,0.327,0.341,0.29,27,100,89.7,6.6,2206,88.5,88.67,51,218,219,0.20000000000000284,6.41,117,146,107,151,285,320,306,"-1.4","1.4"
437,593428,"Bogaerts, Xander",437,100,0.2,0.08,0.222,0.28,0.26,0.334,0.282,20,100,85.3,14.1,2173,89.1,89.25,24,176,261,0.20000000000000284,6.49,111,151,122,147,301,321,290,"0.7","-0.7"
436,665489,"Guerrero Jr., Vladimir",436,100,0.217,0.13,0.25,0.348,0.315,0.376,0.275,20,92,92.1,8.1,2242,89.7,89.66,52,200,236,0,6.4,107,151,123,147,303,329,293,"3.1","-3.1"
434,514888,"Altuve, Jose",434,100,0.357,0.235,0.395,0.592,0.444,0.364,0.288,35,98,88.4,18.2,2241,88.5,88.73,31,198,236,0.20000000000000284,6.58,110,152,112,147,291,326,291,"-3.5","3.5"
432,668227,"Arozarena, Randy",432,100,0.154,0.077,0.194,0.231,0.212,0.289,0.221,14,91,90.8,12,2264,89.3,89.27,61,184,248,0,6.4,109,151,121,147,305,329,292,"9.2","-9.2"
431,683011,"Volpe, Anthony",431,100,0.287,0.115,0.354,0.402,0.349,0.315,0.257,25,87,87.8,6.4,2304,88.3,88.34,31,184,247,0,6.45,106,151,112,146,296,317,283,"-2.9","2.9"
430,593871,"Polanco, Jorge",430,100,0.169,0.117,0.222,0.286,0.29,0.309,0.189,13,77,87.2,16.5,2173,88,88.29,51,176,254,0.29999999999999716,6.44,113,147,115,150,295,322,291,"-0.8","0.8"
430,630105,"Cronenworth, Jake",430,100,0.264,0.165,0.292,0.429,0.349,0.41,0.326,24,91,90.9,12.7,2175,90.3,90.46,29,192,238,0.20000000000000284,6.5,117,146,114,151,282,318,305,"-4.1","4.1"
428,553993,"Suárez, Eugenio",428,100,0.244,0.122,0.323,0.367,0.31,0.313,0.257,22,90,88.4,17.7,2269,88.6,89.06,51,179,249,0.5,6.54,108,152,124,147,303,327,298,"-4.3","4.3"
427,656941,"Schwarber, Kyle",427,100,0.2,0.2,0.235,0.4,0.321,0.354,0.229,18,90,93.4,17.1,2224,88.7,88.92,65,181,246,0.20000000000000284,6.46,120,146,123,151,295,325,299,"2.5","-2.5"
423,666134,"Jones, Nolan",423,100,0.148,0.102,0.235,0.25,0.211,0.221,0.163,13,88,88.8,9.6,2265,89.1,89.61,47,167,256,0.5,6.46,116,146,113,151,294,328,303,"5.2","-5.2"
423,664023,"Happ, Ian",423,100,0.244,0.128,0.316,0.372,0.335,0.315,0.222,19,78,91.7,14,2205,89.4,89.48,43,190,233,0.09999999999999432,6.42,119,148,120,151,295,322,301,"-4.9","4.9"
422,670623,"Paredes, Isaac",422,100,0.274,0.238,0.288,0.512,0.38,0.304,0.225,23,84,87.4,23.8,2256,88.7,88.59,42,204,218,-0.10000000000000853,6.37,109,152,122,146,299,329,295,"-4","4"
420,607208,"Turner, Trea",420,100,0.327,0.143,0.4,0.469,0.376,0.337,0.273,32,98,90.7,11.1,2290,88.6,88.91,46,210,210,0.30000000000001137,6.51,106,151,116,146,301,321,290,"-6.6","6.6"
420,680977,"Donovan, Brendan",420,100,0.205,0.136,0.225,0.341,0.301,0.34,0.251,18,88,89.2,15.5,2227,88.7,89.02,21,152,268,0.29999999999999716,6.59,119,147,106,150,290,318,300,"1.2","-1.2"
419,650333,"Arraez, Luis",419,100,0.284,0.069,0.319,0.353,0.316,0.318,0.287,29,102,85,10.4,2225,89,88.49,22,204,215,-0.5,6.36,119,148,105,151,282,315,299,"0.1","-0.1"
418,666971,"Gurriel Jr., Lourdes",418,100,0.3,0.2,0.321,0.5,0.376,0.359,0.294,30,100,89.4,16.6,2252,89,89.35,39,203,215,0.4000000000000057,6.5,108,150,123,147,306,327,297,"-6.4","6.4"
418,571970,"Muncy, Max",418,100,0.225,0.212,0.304,0.438,0.334,0.315,0.212,18,80,88.3,30,2257,88.3,88.41,60,173,245,0.10000000000000853,6.38,116,144,121,151,297,322,300,"2.9","-2.9"
415,502671,"Goldschmidt, Paul",415,100,0.186,0.07,0.259,0.256,0.253,0.288,0.221,16,86,87.3,15.1,2268,89.2,89.57,55,184,231,0.3999999999999915,6.55,106,149,122,145,305,323,295,"5.1","-5.1"
415,660670,"Acuña Jr., Ronald",415,100,0.291,0.093,0.387,0.384,0.365,0.356,0.277,25,86,89.9,7.3,2266,89.9,89.88,61,202,213,0,6.58,109,152,121,147,304,325,294,"-6.3","6.3"
414,595777,"Profar, Jurickson",414,100,0.275,0.15,0.333,0.425,0.365,0.336,0.257,22,80,89.7,12.9,2178,89,89.26,39,185,229,0.29999999999999716,6.5,115,148,114,151,292,319,296,"-6.5","6.5"
412,665487,"Tatis Jr., Fernando",412,100,0.27,0.22,0.276,0.49,0.373,0.412,0.313,27,100,91.1,10.3,2160,89.2,89.38,47,206,206,0.20000000000000284,6.51,110,151,122,147,303,325,296,"-6.1","6.1"
409,650559,"De La Cruz, Bryan",409,100,0.262,0.184,0.324,0.447,0.317,0.337,0.271,27,103,87.4,14,2278,88.4,88.38,81,226,183,0,6.37,109,151,121,147,303,322,293,"-2.5","2.5"
409,694671,"Langford, Wyatt",409,100,0.235,0.047,0.308,0.282,0.272,0.282,0.22,20,85,86.7,16,2253,88.8,88.98,34,167,242,0.20000000000000284,6.51,106,151,120,145,304,325,293,"4.4","-4.4"
409,665862,"Chisholm Jr., Jazz",409,100,0.247,0.124,0.333,0.371,0.315,0.314,0.23,22,89,88.4,11.4,2255,89.1,89.16,43,174,235,0.10000000000000853,6.44,114,147,110,152,294,321,301,"-0.1","0.1"
408,606466,"Marte, Ketel",408,100,0.324,0.225,0.333,0.549,0.392,0.393,0.318,33,102,93.3,6.3,2179,89.2,89.32,45,218,190,0.09999999999999432,6.47,114,149,113,149,299,327,301,"-9.1","9.1"
407,672580,"Garcia, Maikel",407,100,0.194,0.183,0.2,0.376,0.273,0.344,0.269,18,93,91.3,8.7,2323,89.5,90.06,33,178,229,0.5999999999999943,6.63,110,151,114,148,309,323,295,"2","-2"
406,606192,"Hernández, Teoscar",406,100,0.258,0.204,0.365,0.462,0.355,0.288,0.207,24,93,90.9,7.1,2231,88.6,88.9,65,200,206,0.30000000000001137,6.5,108,151,121,147,303,321,298,"-1.8","1.8"
405,665833,"Cruz, Oneil",405,100,0.239,0.12,0.358,0.359,0.285,0.275,0.231,22,92,91.6,6.5,2176,88.8,88.72,55,182,223,-0.09999999999999432,6.49,120,147,122,151,294,322,302,"8.2","-8.2"
405,668939,"Rutschman, Adley",405,100,0.323,0.097,0.364,0.419,0.352,0.385,0.33,30,93,90.6,20.1,2183,88.9,88.89,35,195,210,0,6.5,112,147,125,149,300,324,299,"-3.9","3.9"
405,682998,"Carroll, Corbin",405,100,0.215,0.054,0.247,0.269,0.283,0.314,0.237,20,93,83.6,7.6,2196,89.7,90.03,31,180,225,0.29999999999999716,6.47,115,145,108,151,299,328,305,"0","0"
405,679529,"Torkelson, Spencer",405,100,0.231,0.088,0.292,0.319,0.289,0.265,0.203,21,91,87.3,21.3,2246,88.8,87.98,48,184,221,-0.7999999999999972,6.57,107,151,120,146,298,326,292,"1.2","-1.2"
403,683002,"Henderson, Gunnar",403,100,0.287,0.309,0.317,0.596,0.401,0.401,0.303,27,94,96.3,12.9,2195,89.1,89.27,48,192,211,0.20000000000000284,6.44,119,146,124,152,297,326,303,"-3.5","3.5"
403,656305,"Chapman, Matt",403,100,0.227,0.196,0.257,0.423,0.306,0.33,0.263,22,97,92.6,17.5,2276,89.3,89.41,45,200,203,0.10000000000000853,6.47,107,152,122,147,303,323,297,"0.5","-0.5"
403,663656,"Tucker, Kyle",403,100,0.286,0.242,0.309,0.527,0.405,0.45,0.344,26,91,91.7,21.3,2260,89.2,89.3,34,177,226,0.09999999999999432,6.47,117,145,126,151,291,329,300,"-10.3","10.3"
402,668715,"Steer, Spencer",402,100,0.277,0.205,0.317,0.482,0.387,0.394,0.291,23,83,90.1,13.1,2186,89.9,90.11,35,171,231,0.19999999999998863,6.48,105,150,119,146,297,323,289,"-8.5","8.5"
401,641487,"Crawford, J.P.",401,100,0.198,0.105,0.227,0.302,0.278,0.303,0.229,17,86,85.7,5.4,2196,89.1,89.47,25,163,238,0.4000000000000057,6.44,117,147,109,151,291,320,295,"0.8","-0.8"
400,657041,"Thomas, Lane",400,100,0.184,0.069,0.212,0.253,0.234,0.28,0.228,16,87,88.2,21,2208,88.9,89.38,31,170,230,0.5,6.57,106,150,121,146,298,314,288,"5.3","-5.3"
399,624413,"Alonso, Pete",399,100,0.264,0.264,0.262,0.527,0.379,0.328,0.246,24,91,88.1,17.8,2269,89.7,89.86,37,181,218,0.20000000000000284,6.61,107,151,122,146,302,322,290,"-3.7","3.7"
398,624585,"Soler, Jorge",398,100,0.239,0.182,0.283,0.42,0.337,0.313,0.212,21,88,88.7,20.5,2243,88.7,88.9,58,190,208,0.20000000000000284,6.5,105,151,123,145,303,324,301,"2.8","-2.8"
398,605137,"Bell, Josh",398,100,0.187,0.132,0.203,0.319,0.281,0.289,0.204,17,91,90.1,11.7,2170,88.8,88.83,50,187,211,0,6.41,111,148,123,149,299,322,296,"1.7","-1.7"
395,663697,"India, Jonathan",395,100,0.174,0.058,0.226,0.232,0.274,0.359,0.274,12,69,86.1,7.2,2214,89.9,90.23,17,127,268,0.29999999999999716,6.56,108,151,119,147,296,321,289,"-2.3","2.3"
393,542303,"Ozuna, Marcell",393,100,0.326,0.349,0.311,0.674,0.463,0.502,0.374,28,86,92,12.9,2287,88.8,89.08,55,186,207,0.29999999999999716,6.54,109,151,122,147,303,324,295,"-15.3","15.3"
391,657077,"Verdugo, Alex",391,100,0.247,0.148,0.254,0.395,0.335,0.326,0.259,20,81,85.1,7.9,2264,88.4,88.51,20,151,240,0.09999999999999432,6.46,113,146,117,150,283,316,297,"-0.5","0.5"
390,592192,"Canha, Mark",390,100,0.26,0.273,0.273,0.532,0.409,0.355,0.245,20,77,89.6,11.7,2296,88.7,87.29,24,144,246,-1.4000000000000057,6.52,107,151,120,146,298,324,288,"-5.2","5.2"
390,608385,"Winker, Jesse",390,100,0.31,0.169,0.377,0.479,0.404,0.372,0.279,22,71,87.7,12.8,2203,88.9,89.28,38,160,230,0.3999999999999915,6.48,119,147,123,151,288,314,298,"-3.3","3.3"
388,686469,"Pasquantino, Vinnie",388,100,0.253,0.215,0.242,0.468,0.364,0.357,0.264,20,79,90.9,9.2,2209,89.2,89.63,20,160,228,0.3999999999999915,6.52,118,145,125,150,300,327,308,"-1.3","1.3"
388,656555,"Hoskins, Rhys",388,100,0.213,0.24,0.208,0.453,0.337,0.389,0.26,16,75,88,19,2346,90.3,90.65,37,149,239,0.4000000000000057,6.55,107,151,122,146,305,325,293,"2.5","-2.5"
386,596019,"Lindor, Francisco",386,100,0.174,0.098,0.187,0.272,0.252,0.32,0.254,16,92,88.6,16.5,2234,88.9,87.82,42,182,204,-1.1000000000000085,6.57,114,146,118,150,290,322,301,"6.5","-6.5"
385,642715,"Adames, Willy",385,100,0.287,0.172,0.349,0.46,0.369,0.352,0.26,25,87,87.8,18.8,2304,89.7,89.95,54,178,207,0.29999999999999716,6.53,106,151,121,146,304,321,290,"-6.3","6.3"
385,670541,"Alvarez, Yordan",385,100,0.277,0.191,0.276,0.468,0.365,0.45,0.331,26,94,93.2,17.8,2263,89.4,89.48,28,170,215,0.09999999999999432,6.49,120,147,132,152,295,334,300,"-4.8","4.8"
384,621020,"Swanson, Dansby",384,100,0.235,0.136,0.309,0.37,0.309,0.325,0.231,19,81,88.4,11.8,2231,88.6,88.8,53,174,210,0.20000000000000284,6.46,110,151,122,146,301,323,294,"0.8","-0.8"
383,592518,"Machado, Manny",383,100,0.26,0.156,0.309,0.417,0.328,0.313,0.247,25,96,90.6,8.4,2165,90.1,90.33,46,189,194,0.20000000000000284,6.54,107,151,123,146,301,325,296,"1","-1"
383,661388,"Contreras, William",383,100,0.341,0.193,0.419,0.534,0.421,0.363,0.266,30,88,95,3.6,2287,89.4,89.47,59,173,210,0.09999999999999432,6.59,109,150,121,148,305,323,288,"-12.3","12.3"
382,519203,"Rizzo, Anthony",382,100,0.231,0.088,0.284,0.319,0.289,0.277,0.219,21,91,87.1,18.6,2267,88.2,88.27,41,183,199,0.09999999999999432,6.47,115,146,119,151,290,319,293,"0.4","-0.4"
380,457759,"Turner, Justin",380,100,0.31,0.183,0.345,0.493,0.396,0.382,0.291,22,71,89.6,23.4,2321,90.3,90.07,32,172,208,-0.20000000000000284,6.4,106,151,121,147,299,325,285,"-3.2","3.2"
380,680869,"Gelof, Zack",380,100,0.196,0.141,0.268,0.337,0.27,0.284,0.212,18,92,88.9,6.8,2177,88,88.34,70,186,194,0.29999999999999716,6.55,107,151,116,145,300,321,291,"2.7","-2.7"
377,608070,"Ramírez, José",377,100,0.24,0.188,0.235,0.427,0.291,0.268,0.235,23,96,88.6,16.4,2240,88.3,88.44,31,205,171,0.10000000000000853,6.33,111,145,120,149,289,320,297,"-1.7","1.7"
376,516782,"Marte, Starling",376,100,0.305,0.168,0.362,0.474,0.363,0.366,0.313,29,95,89.4,3.2,2252,89,89.3,52,186,190,0.29999999999999716,6.59,106,151,113,147,300,322,289,"-4.5","4.5"
376,621493,"Ward, Taylor",376,100,0.278,0.227,0.296,0.505,0.358,0.409,0.311,27,97,91.7,16.7,2286,89.1,89.25,36,189,187,0.20000000000000284,6.47,105,151,121,144,305,325,294,"-5.9","5.9"
375,808982,"Lee, Jung Hoo",375,100,0.272,0.098,0.277,0.37,0.315,0.33,0.296,25,92,90.1,4.9,2268,88.8,88.9,15,157,218,0.10000000000000853,6.47,116,146,108,150,289,316,301,"0.2","-0.2"
374,663586,"Riley, Austin",374,100,0.253,0.176,0.328,0.429,0.337,0.322,0.24,23,91,90.8,17.5,2311,90.3,90.6,58,188,186,0.29999999999999716,6.54,108,148,121,144,303,324,294,"0","0"
374,678662,"Tovar, Ezequiel",374,100,0.312,0.161,0.426,0.473,0.366,0.287,0.231,29,93,89.1,22.2,2255,87.7,88.24,82,234,140,0.5,6.48,104,150,110,147,305,324,287,"-4.9","4.9"
374,680757,"Kwan, Steven",374,100,0.351,0.113,0.381,0.464,0.377,0.344,0.328,34,97,83.8,13,2222,88.8,86.98,15,166,208,-1.7999999999999972,6.27,112,147,102,151,275,312,298,"-2.4","2.4"
372,663647,"Hayes, Ke'Bryan",372,100,0.277,0.072,0.333,0.349,0.332,0.308,0.245,23,83,87.8,4.7,2205,89.5,89.73,27,154,218,0.20000000000000284,6.48,105,148,119,145,306,319,286,"-0.2","0.2"
371,571745,"Haniger, Mitch",371,100,0.256,0.154,0.333,0.41,0.33,0.323,0.251,20,78,86.7,9.3,2238,88,88.29,48,164,207,0.29999999999999716,6.48,105,152,120,146,301,323,291,"-4.2","4.2"
371,571448,"Arenado, Nolan",371,100,0.293,0.098,0.321,0.391,0.324,0.289,0.255,27,92,86.4,14.6,2224,89.3,89.82,35,170,201,0.5,6.58,106,151,122,146,302,322,293,"-1.8","1.8"
371,683737,"Busch, Michael",371,100,0.292,0.292,0.357,0.583,0.41,0.428,0.286,21,72,91.5,21.2,2265,89,89.1,48,167,204,0.09999999999999432,6.39,115,146,122,152,295,324,303,"-7","7"
371,666182,"Bichette, Bo",371,100,0.241,0.115,0.274,0.356,0.296,0.269,0.22,21,87,87.6,6.7,2296,89.3,89.31,39,206,165,0,6.43,108,149,121,147,301,325,285,"0.5","-0.5"
371,673237,"Diaz, Yainer",371,100,0.287,0.149,0.306,0.437,0.339,0.303,0.254,25,87,91,4,2304,87.9,87.82,42,190,181,-0.10000000000000853,6.49,109,151,119,146,297,327,290,"-1","1"
369,671213,"Casas, Triston",369,100,0.244,0.269,0.283,0.513,0.369,0.31,0.199,19,78,89.9,10.6,2244,87.5,87.65,48,156,213,0.20000000000000284,6.44,114,146,131,151,286,322,307,"-0.6","0.6"
367,543807,"Springer, George",367,100,0.22,0.088,0.234,0.308,0.291,0.33,0.271,20,91,85.8,8.8,2311,89.7,89.69,37,174,193,0,6.42,108,151,121,146,298,326,289,"3.5","-3.5"
367,677594,"Rodríguez, Julio",367,100,0.278,0.067,0.407,0.344,0.303,0.318,0.271,25,90,91.3,8.1,2234,88,88.38,62,192,175,0.4000000000000057,6.49,105,151,120,145,303,323,293,"-0.9","0.9"
366,543685,"Rendon, Anthony",366,100,0.267,0.04,0.328,0.307,0.29,0.291,0.234,20,75,88.9,18.9,2340,88.8,88.79,14,148,217,0,6.43,107,152,121,145,303,322,292,"-1.7","1.7"
365,624424,"Conforto, Michael",365,100,0.281,0.225,0.313,0.506,0.361,0.352,0.27,25,89,89.4,16,2246,89.2,89.46,39,179,186,0.29999999999999716,6.53,113,146,123,151,294,320,303,"-3.7","3.7"
364,642350,"Siri, Jose",364,100,0.178,0.096,0.343,0.274,0.256,0.298,0.211,13,73,90.2,12.5,2241,89.8,90,76,169,195,0.20000000000000284,6.52,107,151,110,146,302,328,291,"3.4","-3.4"
364,663538,"Hoerner, Nico",364,100,0.272,0.099,0.31,0.37,0.337,0.357,0.303,22,81,86.1,12.2,2258,89.3,89.44,26,163,201,0.10000000000000853,6.43,107,149,114,146,298,318,290,"-0.9","0.9"
363,683734,"Vaughn, Andrew",363,100,0.167,0.038,0.245,0.205,0.226,0.278,0.215,13,78,90,16.7,2287,88.2,88.02,49,165,198,-0.20000000000000284,6.58,107,149,121,146,303,322,284,"6.6","-6.6"
363,669357,"Gorman, Nolan",363,100,0.195,0.195,0.267,0.39,0.284,0.306,0.219,16,82,85.9,16,2233,89.4,89.78,67,185,178,0.3999999999999915,6.57,114,146,118,152,293,321,304,"5.3","-5.3"
362,623993,"Santander, Anthony",362,100,0.216,0.227,0.221,0.443,0.312,0.291,0.223,19,88,87.5,25.9,2245,89.5,89.68,42,206,156,0.20000000000000284,6.43,112,146,127,149,299,325,300,"0.1","-0.1"
362,664761,"Bohm, Alec",362,100,0.305,0.22,0.349,0.524,0.404,0.349,0.276,25,82,88.4,7.2,2278,89.8,90.32,22,160,202,0.5,6.6,107,150,120,147,301,321,288,"-12.1","12.1"
362,665926,"Giménez, Andrés",362,100,0.279,0.081,0.32,0.36,0.321,0.306,0.26,24,86,84.8,5.5,2217,88.2,88,51,202,160,-0.20000000000000284,6.31,111,144,104,150,282,316,297,"-5.4","5.4"
359,682829,"De La Cruz, Elly",359,100,0.295,0.346,0.381,0.641,0.448,0.388,0.257,23,78,90.5,5,2164,88.8,88.86,53,152,207,0.10000000000000853,6.38,111,147,112,148,294,324,296,"-9.6","9.6"
359,682928,"Abrams, CJ",359,100,0.316,0.354,0.345,0.671,0.443,0.403,0.328,25,79,87.7,17.5,2214,88.7,89.04,36,195,164,0.29999999999999716,6.43,117,146,113,151,285,314,298,"-8.8","8.8"
358,666969,"García, Adolis",358,100,0.315,0.281,0.355,0.596,0.412,0.388,0.286,28,89,92.9,16.8,2263,89,89.03,52,188,170,0,6.38,105,151,121,145,309,330,297,"-9.8","9.8"
357,608336,"Gallo, Joey",357,100,0.143,0.222,0.231,0.365,0.311,0.304,0.162,9,63,89.8,40.5,2247,89.3,89.59,65,146,211,0.29999999999999716,6.5,113,144,123,151,296,320,297,"2","-2"
357,606115,"Arcia, Orlando",357,100,0.317,0.146,0.362,0.463,0.355,0.272,0.229,26,82,88.9,12.5,2312,89.3,89.5,46,187,170,0.20000000000000284,6.49,107,151,121,147,303,322,292,"-3.3","3.3"
357,666397,"Julien, Edouard",357,100,0.2,0.24,0.244,0.44,0.321,0.292,0.192,15,75,90.2,14.7,2289,89.1,89.55,38,138,219,0.4000000000000057,6.58,116,146,117,151,289,328,303,"1.4","-1.4"
357,694497,"Carter, Evan",357,100,0.2,0.187,0.226,0.387,0.313,0.306,0.222,15,75,84.9,8.4,2188,87.8,87.74,34,142,215,-0.09999999999999432,6.37,112,146,110,150,293,323,297,"1","-1"
355,701538,"Merrill, Jackson",355,100,0.329,0.094,0.397,0.424,0.364,0.365,0.304,28,85,89.1,11.6,2171,89.2,89.43,31,182,173,0.20000000000000284,6.52,116,146,112,151,282,317,303,"-0.5","0.5"
353,669257,"Smith, Will",353,100,0.329,0.11,0.382,0.439,0.36,0.33,0.277,27,82,88.8,13.1,2195,89.7,90.1,31,170,183,0.3999999999999915,6.47,108,151,122,147,304,319,294,"-4.9","4.9"
353,666624,"Morel, Christopher",353,100,0.2,0.153,0.215,0.353,0.281,0.339,0.271,17,85,90.7,16.6,2269,89.2,89.22,48,178,175,0,6.42,110,151,123,145,301,325,295,"2.6","-2.6"
353,676116,"Noda, Ryan",353,100,0.167,0.091,0.25,0.258,0.259,0.238,0.156,11,66,82.9,13.7,2256,89.1,89.34,51,147,206,0.20000000000000284,6.55,117,147,120,152,289,319,299,"1.9","-1.9"
350,592663,"Realmuto, J.T.",350,100,0.232,0.134,0.286,0.366,0.284,0.293,0.24,19,82,87.5,11.2,2302,89.9,90.43,52,178,172,0.5,6.63,107,150,119,146,301,322,290,"5.6","-5.6"
348,543760,"Semien, Marcus",348,100,0.267,0.178,0.271,0.446,0.343,0.384,0.332,27,101,87.6,16.4,2283,88.2,88.3,31,178,170,0.09999999999999432,6.42,107,152,120,146,303,324,292,"-9","9"
346,666181,"Benson, Will",346,100,0.189,0.203,0.286,0.392,0.303,0.3,0.219,14,74,89.1,12.8,2163,89.6,89.96,56,164,182,0.4000000000000057,6.51,117,146,122,151,290,324,297,"3.9","-3.9"
345,547180,"Harper, Bryce",345,100,0.241,0.203,0.273,0.443,0.335,0.341,0.248,19,79,91.4,10.7,2230,88.7,89.07,55,184,161,0.3999999999999915,6.55,117,145,124,149,295,325,300,"1.4","-1.4"
341,672515,"Moreno, Gabriel",341,100,0.262,0.108,0.304,0.369,0.333,0.32,0.256,17,65,89.2,7.4,2234,88.6,89.01,14,133,208,0.4000000000000057,6.48,109,150,123,146,306,324,290,"-3.1","3.1"
340,669707,"Triolo, Jared",340,100,0.221,0.052,0.281,0.273,0.267,0.29,0.229,17,77,86.1,4.9,2229,88.4,88.69,45,174,166,0.29999999999999716,6.53,104,150,119,146,301,318,286,"1.9","-1.9"
336,608324,"Bregman, Alex",336,100,0.203,0.063,0.229,0.266,0.259,0.294,0.23,16,79,88.1,22,2255,88.3,87,19,136,200,-1.2999999999999972,6.52,110,152,119,147,297,325,289,"3.1","-3.1"
334,676059,"Westburg, Jordan",334,100,0.316,0.278,0.351,0.595,0.424,0.419,0.332,25,79,92.5,11.1,2276,88.6,88.72,61,162,172,0.10000000000000853,6.45,109,151,119,147,310,326,293,"-12.4","12.4"
334,669004,"Melendez, MJ",334,100,0.219,0.233,0.24,0.452,0.326,0.349,0.257,16,73,91.4,13.8,2285,89.1,89.64,44,152,182,0.5,6.58,118,146,124,152,298,325,307,"-3.5","3.5"
333,686217,"Frelick, Sal",333,100,0.278,0.025,0.379,0.304,0.306,0.278,0.239,22,79,85.3,3.7,2360,89.9,90.14,23,134,199,0.19999999999998863,6.47,113,145,103,150,287,315,293,"-1.4","1.4"
332,592206,"Castellanos, Nick",332,100,0.184,0.023,0.242,0.207,0.213,0.227,0.179,16,87,87.3,17.2,2289,88.2,88.52,65,199,133,0.29999999999999716,6.52,108,151,121,146,301,322,288,"1.9","-1.9"
331,671739,"Harris II, Michael",331,100,0.315,0.163,0.377,0.478,0.366,0.323,0.285,29,92,90,3.8,2258,88.9,89.13,57,199,132,0.19999999999998863,6.51,116,146,110,150,292,322,299,"-4.3","4.3"
331,669261,"Suwinski, Jack",331,100,0.176,0.108,0.186,0.284,0.241,0.3,0.238,13,74,87.3,18.1,2178,88.6,88.86,28,163,168,0.30000000000001137,6.49,116,146,116,150,292,318,298,"5.7","-5.7"
331,687952,"Encarnacion-Strand, Christian",331,100,0.216,0.136,0.274,0.352,0.247,0.333,0.268,19,88,90.9,18,2210,89.1,89.39,52,181,150,0.30000000000001137,6.5,109,150,121,147,296,324,292,"4.4","-4.4"
330,669016,"Marsh, Brandon",330,100,0.275,0.261,0.368,0.536,0.37,0.337,0.25,19,69,93.4,8.1,2293,89.3,89.64,38,144,186,0.29999999999999716,6.5,116,147,112,151,290,321,300,"-1.9","1.9"
328,642731,"Estrada, Thairo",328,100,0.237,0.172,0.284,0.409,0.29,0.27,0.226,22,93,88.3,7.7,2289,88.1,88.33,41,168,160,0.20000000000000284,6.52,109,152,111,147,296,317,288,"3.5","-3.5"
327,623912,"Ramírez, Harold",327,100,0.256,0.044,0.289,0.3,0.25,0.251,0.244,23,90,84,-1.8,2232,88,87.77,56,190,137,-0.20000000000000284,6.33,106,151,120,148,305,326,288,"3.4","-3.4"
327,641355,"Bellinger, Cody",327,100,0.226,0.214,0.215,0.44,0.321,0.329,0.234,19,84,88.7,22.2,2235,89.3,89.5,42,156,171,0.20000000000000284,6.48,118,145,124,151,296,322,303,"-4.6","4.6"
326,663624,"Mountcastle, Ryan",326,100,0.333,0.173,0.377,0.507,0.394,0.388,0.294,25,75,91,9.1,2290,89.3,89.19,34,164,162,-0.09999999999999432,6.45,106,151,121,147,309,326,294,"-7.5","7.5"
326,663728,"Raleigh, Cal",326,100,0.271,0.257,0.317,0.529,0.383,0.33,0.224,19,70,94.6,18.3,2144,88.1,88.43,51,164,162,0.30000000000001137,6.46,113,147,124,151,298,323,294,"-2.6","2.6"
325,676369,"Velázquez, Nelson",325,100,0.257,0.143,0.381,0.4,0.325,0.323,0.244,18,70,89.9,11.1,2354,87.6,88.05,60,142,183,0.5,6.53,111,151,121,147,306,326,300,"1","-1"
325,665161,"Peña, Jeremy",325,100,0.33,0.117,0.382,0.447,0.358,0.358,0.331,31,94,88.9,10.5,2259,88,88.1,47,181,144,0.09999999999999432,6.46,109,150,113,145,296,325,290,"0.7","-0.7"
324,807799,"Yoshida, Masataka",324,100,0.25,0.125,0.271,0.375,0.323,0.305,0.241,18,72,88.5,10.1,2244,89.2,89.38,21,136,188,0.20000000000000284,6.45,112,146,126,150,284,320,304,"-0.8","0.8"
323,691026,"Winn, Masyn",323,100,0.313,0.109,0.392,0.422,0.354,0.31,0.27,20,64,85.1,8.2,2305,88.7,89.29,21,136,187,0.5999999999999943,6.62,105,150,108,147,300,318,286,"-0.1","0.1"
322,600869,"Candelario, Jeimer",322,100,0.188,0.188,0.244,0.377,0.293,0.268,0.195,13,69,84.9,11.3,2209,87.6,87.71,48,154,168,0.10000000000000853,6.4,114,148,124,150,290,322,293,"1.3","-1.3"
321,686668,"Doyle, Brenton",321,100,0.313,0.217,0.434,0.53,0.386,0.3,0.25,26,83,88.1,6.4,2295,88.5,89.09,48,160,161,0.5999999999999943,6.54,105,152,107,147,306,325,288,"-3.5","3.5"
321,676609,"Caballero, José",321,100,0.269,0.167,0.339,0.436,0.324,0.316,0.266,21,78,82.1,10.4,2267,88.7,88.34,54,171,150,-0.4000000000000057,6.4,105,150,107,145,297,323,288,"1.9","-1.9"
320,650489,"Castro, Willi",320,100,0.169,0.092,0.27,0.262,0.254,0.281,0.194,11,65,82.3,6.5,2261,88.6,89.06,47,147,173,0.5,6.6,114,146,110,149,292,323,296,"3.9","-3.9"
320,668709,"Bleday, JJ",320,100,0.235,0.099,0.295,0.333,0.265,0.24,0.211,19,81,85.5,18,2157,88.5,88.79,51,155,165,0.29999999999999716,6.54,114,145,115,150,293,322,298,"4.2","-4.2"
320,678882,"Rafaela, Ceddanne",320,100,0.154,0.115,0.2,0.269,0.209,0.229,0.18,12,78,82.9,15.9,2240,88.4,88.4,61,188,132,0,6.47,105,149,107,144,296,318,293,"7.1","-7.1"
317,687263,"Neto, Zach",317,100,0.205,0.064,0.302,0.269,0.25,0.253,0.186,16,78,87.8,14.8,2293,88.1,88.44,51,173,144,0.30000000000001137,6.6,105,150,110,144,300,321,291,"5.6","-5.6"
317,453568,"Blackmon, Charlie",317,100,0.24,0.147,0.274,0.387,0.309,0.303,0.242,18,75,85.2,15.1,2158,89.2,89.61,30,152,165,0.3999999999999915,6.4,119,146,115,152,293,326,301,"0.2","-0.2"
316,521692,"Perez, Salvador",316,100,0.337,0.256,0.343,0.593,0.428,0.435,0.312,29,86,92,19.5,2366,87.8,88.32,36,182,134,0.5,6.6,109,151,122,146,309,329,303,"-13.2","13.2"
316,664034,"France, Ty",316,100,0.254,0.056,0.327,0.31,0.287,0.352,0.29,18,71,91.2,10.6,2242,88.9,89.18,32,143,173,0.29999999999999716,6.45,105,152,122,147,301,321,286,"0.9","-0.9"
316,643217,"Benintendi, Andrew",316,100,0.163,0.013,0.2,0.175,0.177,0.263,0.226,13,80,85.7,13.4,2289,88.6,87.08,28,147,169,-1.5,6.61,113,145,110,150,283,315,295,"8","-8"
315,657757,"Sheets, Gavin",315,100,0.262,0.246,0.302,0.508,0.389,0.389,0.278,16,61,89.7,18,2309,89.2,89.68,28,138,177,0.5,6.59,119,145,128,151,287,322,295,"-6.1","6.1"
314,676801,"McCormick, Chas",314,100,0.246,0.046,0.348,0.292,0.292,0.283,0.231,16,65,85.2,19.1,2266,88.5,88.7,42,144,170,0.20000000000000284,6.53,108,151,114,146,299,327,289,"-0.3","0.3"
314,681351,"O'Hoppe, Logan",314,100,0.329,0.157,0.412,0.486,0.389,0.361,0.293,23,70,89.8,19.4,2297,87.4,87.58,44,147,167,0.19999999999998863,6.49,107,151,121,144,302,322,295,"-5.5","5.5"
311,694192,"Chourio, Jackson",311,100,0.218,0.167,0.277,0.385,0.291,0.262,0.197,17,78,85.3,6.8,2308,89,89.31,49,153,158,0.29999999999999716,6.54,104,149,113,146,303,322,287,"1.4","-1.4"
311,690993,"Keith, Colt",311,100,0.165,0.013,0.206,0.177,0.186,0.279,0.237,13,79,88.2,11,2206,87.5,87.03,36,145,166,-0.5,6.46,114,145,117,151,292,323,296,"6.1","-6.1"
311,680779,"Davis, Henry",311,100,0.172,0.052,0.263,0.224,0.246,0.254,0.187,10,58,86.3,17.6,2195,89.7,90.11,44,130,181,0.3999999999999915,6.6,106,151,121,146,300,318,290,"3.7","-3.7"
309,656775,"Mullins, Cedric",309,100,0.243,0.23,0.255,0.473,0.332,0.302,0.246,18,74,89.9,20.9,2260,88.7,88.96,35,159,150,0.29999999999999716,6.49,112,145,102,151,293,324,301,"-6.2","6.2"
309,643565,"Tauchman, Mike",309,100,0.283,0.208,0.325,0.491,0.394,0.361,0.255,15,53,90.3,14.9,2220,89.9,89.94,28,146,163,0,6.36,115,146,116,150,289,319,301,"-4.2","4.2"
309,662139,"Varsho, Daulton",309,100,0.25,0.319,0.267,0.569,0.387,0.303,0.209,18,72,88.8,27.6,2244,88.3,88.31,38,147,162,0,6.44,109,145,104,152,292,324,295,"-5.9","5.9"
307,519317,"Stanton, Giancarlo",307,100,0.233,0.26,0.267,0.493,0.343,0.343,0.241,17,73,92.9,8.7,2313,87.8,87.73,46,150,157,-0.09999999999999432,6.49,105,152,123,146,302,325,292,"-2.4","2.4"
307,681546,"Outman, James",307,100,0.191,0.132,0.256,0.324,0.275,0.309,0.232,13,68,89.1,16.9,2213,88.2,85.73,48,156,151,-2.5,6.34,119,147,112,152,297,318,299,"5.4","-5.4"
307,668930,"Turang, Brice",307,100,0.319,0.153,0.356,0.472,0.37,0.311,0.27,23,72,85.2,5.2,2271,90.5,90.86,18,143,164,0.4000000000000057,6.58,112,144,99,149,287,316,296,"-3.3","3.3"
307,553869,"Díaz, Elias",307,100,0.301,0.082,0.375,0.384,0.33,0.27,0.227,22,73,86.9,13.9,2275,88,88.5,48,170,137,0.5,6.51,103,151,120,146,303,324,287,"0.6","-0.6"
307,467793,"Santana, Carlos",307,100,0.149,0.03,0.2,0.179,0.199,0.249,0.203,10,67,90.9,17.8,2156,88.5,88.84,37,138,169,0.29999999999999716,6.55,113,146,127,150,297,326,296,"9.8","-9.8"
306,641313,"Anderson, Tim",306,100,0.241,0.025,0.358,0.266,0.249,0.243,0.217,19,79,87.7,2.1,2233,88.3,88.21,63,171,135,-0.09999999999999432,6.34,109,151,120,149,303,319,286,"5.5","-5.5"
305,665828,"Cabrera, Oswaldo",305,100,0.278,0.181,0.304,0.458,0.337,0.286,0.251,20,72,88.5,8.6,2185,87.6,87.7,21,139,166,0.10000000000000853,6.41,111,145,106,147,286,315,290,"-4.3","4.3"
305,647351,"Toro, Abraham",305,100,0.232,0.145,0.275,0.377,0.301,0.289,0.218,16,69,85.5,14.2,2178,88.3,88.68,25,129,176,0.4000000000000057,6.57,113,148,114,149,292,319,293,"1.5","-1.5"
304,694384,"Schanuel, Nolan",304,100,0.197,0.045,0.245,0.242,0.26,0.293,0.23,13,66,85.7,2.2,2273,89,89.21,20,112,192,0.20000000000000284,6.53,115,146,119,150,287,318,300,"0.3","-0.3"
304,681082,"Stott, Bryson",304,100,0.217,0.058,0.246,0.275,0.262,0.289,0.232,15,69,84.1,12.9,2239,89.6,89.96,29,132,172,0.4000000000000057,6.51,115,144,107,149,288,320,299,"2.8","-2.8"
303,608841,"Meneses, Joey",303,100,0.224,0.015,0.283,0.239,0.254,0.295,0.225,15,67,87.7,5.3,2232,88.6,89.07,31,156,147,0.5,6.55,105,150,121,146,299,315,287,"3.3","-3.3"
301,642133,"Tellez, Rowdy",301,100,0.197,0.045,0.255,0.242,0.244,0.296,0.231,13,66,87.9,18.9,2130,89.1,89.29,35,128,173,0.20000000000000284,6.48,116,146,127,150,295,321,301,"2.1","-2.1"
299,671732,"Butler, Lawrence",299,100,0.19,0.143,0.238,0.333,0.293,0.393,0.276,12,63,95,15.6,2198,89,89.37,47,128,171,0.4000000000000057,6.6,115,147,112,152,289,321,301,"-0.3","0.3"
299,672386,"Kirk, Alejandro",299,100,0.172,0.017,0.2,0.19,0.227,0.277,0.217,10,58,87.9,11.4,2294,90,89.97,20,122,177,0,6.46,110,151,123,149,297,322,284,"5.5","-5.5"
299,666310,"Naylor, Bo",299,100,0.179,0.125,0.267,0.304,0.279,0.268,0.183,10,56,91.9,24.3,2275,89.2,89.39,38,121,178,0.20000000000000284,6.37,115,145,120,151,286,318,298,"-0.9","0.9"
297,621439,"Buxton, Byron",297,100,0.247,0.164,0.354,0.411,0.299,0.253,0.218,18,73,90.1,17.7,2239,89.2,89.74,60,161,136,0.5,6.67,107,150,120,144,301,328,297,"-2.1","2.1"
297,642708,"Rosario, Amed",297,100,0.346,0.16,0.382,0.506,0.378,0.326,0.298,28,81,87,5.3,2282,89.1,88.88,31,167,130,-0.19999999999998863,6.34,105,150,118,148,307,327,289,"-4","4"
296,643446,"McNeil, Jeff",296,100,0.257,0.108,0.281,0.365,0.325,0.32,0.266,19,74,86.3,12.9,2180,88.7,89.02,17,147,149,0.29999999999999716,6.56,117,146,112,151,280,316,300,"-1.3","1.3"
294,608369,"Seager, Corey",294,100,0.262,0.06,0.304,0.321,0.298,0.327,0.267,22,84,88.3,13,2277,87.3,87.36,35,158,136,0.10000000000000853,6.41,115,147,131,151,301,328,302,"-2.2","2.2"
293,664774,"Wade Jr., LaMonte",293,100,0.357,0.125,0.5,0.482,0.419,0.404,0.319,20,56,89.5,8.2,2251,88.8,88.98,28,109,184,0.20000000000000284,6.52,116,145,111,151,291,320,301,"-7.5","7.5"
291,660707,"Montero, Elehuris",291,100,0.242,0.03,0.281,0.273,0.256,0.3,0.253,16,66,88.6,11.3,2270,86.8,87.19,37,156,135,0.4000000000000057,6.47,108,152,121,147,303,325,290,"7.2","-7.2"
291,669127,"Langeliers, Shea",291,100,0.174,0.232,0.152,0.406,0.273,0.346,0.241,12,69,91.4,18.7,2210,88,88.27,41,136,155,0.29999999999999716,6.56,104,152,121,146,297,323,296,"4.2","-4.2"
291,678009,"Meadows, Parker",291,100,0.086,0.138,0.1,0.224,0.208,0.223,0.104,5,58,83.2,26.9,2217,88.6,88.86,41,127,164,0.30000000000001137,6.56,115,147,109,153,291,324,296,"6.9","-6.9"
291,457705,"McCutchen, Andrew",291,100,0.233,0.183,0.306,0.417,0.327,0.333,0.228,14,60,88.1,14.5,2147,89.2,89.43,42,127,164,0.20000000000000284,6.56,106,150,120,145,302,319,287,"1.8","-1.8"
286,666135,"Kirilloff, Alex",286,100,0.275,0.203,0.346,0.478,0.351,0.311,0.241,19,69,92.9,13,2275,88.7,89.06,46,141,145,0.3999999999999915,6.55,118,147,128,152,293,326,304,"0.5","-0.5"
285,656582,"Joe, Connor",285,100,0.299,0.179,0.34,0.478,0.387,0.327,0.241,20,67,82.2,6.3,2227,89,89.12,23,121,164,0.09999999999999432,6.48,105,149,117,145,299,317,287,"-7.2","7.2"
284,647304,"Naylor, Josh",284,100,0.321,0.284,0.303,0.605,0.42,0.407,0.333,26,81,91,13.7,2227,88.1,88.3,35,160,124,0.20000000000000284,6.36,113,145,121,151,288,319,300,"-5.8","5.8"
284,641598,"Garver, Mitch",284,100,0.15,0.1,0.205,0.25,0.259,0.276,0.159,9,60,89.6,18.7,2249,88.4,88.17,35,111,173,-0.20000000000000284,6.54,106,152,120,146,300,323,293,"3","-3"
284,664913,"Brown, Seth",284,100,0.214,0.086,0.311,0.3,0.258,0.283,0.228,15,70,88,21.2,2179,89.1,89.34,46,144,140,0.20000000000000284,6.49,117,146,121,151,291,321,301,"5.6","-5.6"
284,665750,"Taveras, Leody",284,100,0.211,0.079,0.254,0.289,0.26,0.299,0.253,16,76,87,12.8,2218,88.5,88.67,27,133,151,0.20000000000000284,6.45,110,146,105,148,295,324,295,"7.2","-7.2"
284,641680,"Heim, Jonah",284,100,0.257,0.162,0.302,0.419,0.312,0.264,0.229,19,74,88.6,17.8,2275,87.9,87.59,33,149,135,-0.30000000000001137,6.38,110,146,123,149,296,325,297,"-0.7","0.7"
283,681481,"Carpenter, Kerry",283,100,0.293,0.24,0.352,0.533,0.38,0.376,0.28,22,75,88.9,19.4,2262,88.3,88.67,38,143,140,0.4000000000000057,6.53,114,143,119,151,292,326,297,"-3.5","3.5"
283,669701,"Smith, Josh",283,100,0.292,0.077,0.345,0.369,0.353,0.345,0.277,19,65,84.5,7.2,2267,87.7,87.71,21,133,150,0,6.33,115,146,109,150,286,323,300,"-6.3","6.3"
281,669134,"Campusano, Luis",281,100,0.287,0.125,0.31,0.412,0.326,0.279,0.259,23,80,84.9,5.2,2198,88.6,88.7,32,153,128,0.10000000000000853,6.45,108,151,122,147,299,319,292,"-1.9","1.9"
280,592669,"Renfroe, Hunter",280,100,0.159,0.143,0.178,0.302,0.236,0.241,0.179,10,63,87.6,16.6,2385,88.4,88.89,33,115,165,0.5,6.57,106,151,122,147,306,327,302,"3","-3"
280,592273,"Drury, Brandon",280,100,0.197,0.076,0.24,0.273,0.255,0.312,0.249,13,66,88.9,-2,2356,88.4,88.45,37,128,152,0,6.45,107,152,121,145,304,323,291,"3.9","-3.9"
279,683146,"Baty, Brett",279,100,0.268,0.056,0.316,0.324,0.298,0.284,0.224,19,71,84.6,9.2,2246,88.4,88.59,34,147,132,0.19999999999998863,6.55,117,146,119,150,287,320,302,"2.4","-2.4"
279,595879,"Báez, Javier",279,100,0.192,0.082,0.245,0.274,0.219,0.253,0.227,14,73,87,13.8,2314,87.4,87.65,49,152,127,0.19999999999998863,6.52,109,152,119,147,299,324,290,"4.7","-4.7"
279,673548,"Suzuki, Seiya",279,100,0.305,0.22,0.395,0.525,0.387,0.35,0.276,18,59,94.6,14,2274,89.3,89.53,31,110,169,0.20000000000000284,6.48,112,151,125,147,300,325,296,"-7.3","7.3"
278,575929,"Contreras, Willson",278,100,0.292,0.231,0.364,0.523,0.413,0.376,0.259,19,65,89.3,12.5,2252,88.9,89.53,45,150,128,0.5999999999999943,6.69,110,152,123,147,305,325,296,"-4.5","4.5"
278,677587,"Rocchio, Brayan",278,100,0.209,0.104,0.25,0.313,0.275,0.306,0.252,14,67,86.4,3.6,2202,88.2,88.31,31,143,135,0.09999999999999432,6.32,112,146,106,149,284,316,296,"2.3","-2.3"
278,641933,"O'Neill, Tyler",278,100,0.308,0.404,0.3,0.712,0.486,0.454,0.292,16,52,92.8,28,2229,88.8,88.76,24,104,174,0,6.29,105,152,122,146,296,322,300,"-4.9","4.9"
277,663898,"Rodgers, Brendan",277,100,0.197,0.127,0.26,0.324,0.246,0.277,0.22,14,71,87.4,5.4,2260,88,88.56,33,154,123,0.5999999999999943,6.45,108,148,117,144,306,323,289,"3.7","-3.7"
276,665839,"Valdez, Enmanuel",276,100,0.152,0.121,0.182,0.273,0.208,0.289,0.206,10,66,89.7,20.7,2192,88.7,88.9,39,136,140,0.20000000000000284,6.45,114,145,111,151,289,320,303,"3.1","-3.1"
274,605113,"Ahmed, Nick",274,100,0.284,0.068,0.344,0.351,0.303,0.305,0.274,21,74,83.9,4,2307,89.3,89.53,32,146,128,0.20000000000000284,6.52,106,150,109,145,296,315,289,"-1.3","1.3"
273,671289,"Freeman, Tyler",273,100,0.222,0.19,0.234,0.413,0.315,0.33,0.247,14,63,89.6,12.4,2256,88.5,88.54,27,133,140,0,6.34,107,150,113,146,290,316,289,"-0.9","0.9"
273,680777,"Jeffers, Ryan",273,100,0.258,0.226,0.277,0.484,0.362,0.322,0.24,16,62,84,13,2281,89.1,89.44,33,129,144,0.30000000000001137,6.54,105,150,121,145,305,326,291,"-5.6","5.6"
272,593934,"Sanó, Miguel",272,100,0.286,0.107,0.441,0.393,0.35,0.356,0.283,16,56,97,12.1,2342,87.7,87.75,45,121,151,0,6.48,102,151,122,143,309,328,300,"0.3","-0.3"
271,681297,"Cowser, Colton",271,100,0.345,0.414,0.424,0.759,0.485,0.404,0.289,20,58,91,12.8,2251,87.7,88.03,39,116,155,0.29999999999999716,6.54,112,144,114,149,298,326,301,"-4.6","4.6"
271,547989,"Abreu, José",271,100,0.065,0.016,0.087,0.081,0.111,0.171,0.127,4,62,87.2,10.9,2308,89.4,89.46,46,138,133,0.09999999999999432,6.45,109,151,120,147,298,326,289,"11.4","-11.4"
270,624415,"Biggio, Cavan",270,100,0.263,0.123,0.412,0.386,0.343,0.29,0.216,15,57,82.5,20.5,2219,88.8,88.68,19,92,178,-0.09999999999999432,6.39,118,146,110,151,286,322,297,"-1.9","1.9"
270,527038,"Flores, Wilmer",270,100,0.207,0.052,0.226,0.259,0.252,0.267,0.214,12,58,85,17.5,2237,87.7,87.86,14,109,161,0.20000000000000284,6.49,106,151,121,145,298,317,293,"1.4","-1.4"
269,666150,"Fletcher, Dominic",269,100,0.203,0.068,0.308,0.271,0.256,0.28,0.234,12,59,84.3,15,2276,88.6,89.06,29,110,159,0.5,6.54,115,145,109,151,281,317,294,"2.4","-2.4"
269,643396,"Kiner-Falefa, Isiah",269,100,0.262,0.123,0.314,0.385,0.324,0.348,0.294,17,65,85.5,5.3,2310,89.4,89.35,18,113,156,0,6.43,106,149,113,147,296,319,281,"0.5","-0.5"
264,672275,"Bailey, Patrick",264,100,0.298,0.193,0.357,0.491,0.372,0.362,0.294,17,57,92.2,9.1,2164,88.7,88.75,28,128,136,0.09999999999999432,6.43,114,147,117,151,293,320,300,"-2.3","2.3"
263,645277,"Albies, Ozzie",263,100,0.317,0.175,0.346,0.492,0.39,0.344,0.274,20,63,87.3,10.4,2189,89.3,89.06,32,139,124,-0.20000000000000284,6.63,115,145,117,147,294,322,295,"-8","8"
262,572191,"Taylor, Michael A.",262,100,0.271,0.051,0.421,0.322,0.276,0.279,0.234,16,59,87.1,5.3,2200,89.3,89,55,132,130,-0.29999999999999716,6.54,104,150,109,145,303,320,286,"1.3","-1.3"
262,665120,"Walsh, Jared",262,100,0.226,0.094,0.355,0.321,0.295,0.324,0.241,12,53,84.2,21.6,2287,89.1,88.97,45,109,153,-0.09999999999999432,6.38,114,146,117,151,296,325,298,"1.3","-1.3"
261,666158,"Lux, Gavin",261,100,0.148,0.016,0.2,0.164,0.189,0.268,0.232,9,61,86.9,9.9,2171,88.3,87.77,24,109,151,-0.5,6.32,119,147,113,153,293,317,297,"2.7","-2.7"
258,677800,"Abreu, Wilyer",258,100,0.278,0.204,0.382,0.481,0.383,0.302,0.198,15,54,90.9,17.1,2186,88.9,89.19,46,131,127,0.29999999999999716,6.48,119,146,118,151,286,319,306,"-4.8","4.8"
257,671277,"García Jr., Luis",257,100,0.318,0.152,0.37,0.47,0.366,0.368,0.293,21,66,89.6,7.9,2217,88.6,88.63,25,129,128,0,6.48,117,146,111,151,286,315,300,"-6.1","6.1"
256,670032,"Lopez, Nicky",256,100,0.203,0,0.235,0.203,0.252,0.286,0.227,12,59,83.9,6.2,2311,89.3,89.32,19,120,136,0,6.54,116,146,105,151,276,313,294,"3.3","-3.3"
256,518595,"d'Arnaud, Travis",256,100,0.293,0.362,0.293,0.655,0.429,0.413,0.299,17,58,93.4,13.1,2354,89.9,89.99,41,130,126,0.09999999999999432,6.43,108,151,121,147,303,321,290,"-4.9","4.9"
255,664056,"Bader, Harrison",255,100,0.299,0.075,0.373,0.373,0.31,0.322,0.286,20,67,88.4,12.4,2281,88.4,88.66,31,126,129,0.29999999999999716,6.55,106,151,116,146,299,318,286,"1.4","-1.4"
254,543305,"Hicks, Aaron",254,100,0.14,0.06,0.2,0.2,0.2,0.256,0.198,7,50,86.6,6,2180,87.5,87.79,38,113,141,0.29999999999999716,6.54,115,147,118,149,289,321,299,"5.9","-5.9"
251,676914,"Schneider, Davis",251,100,0.216,0.216,0.235,0.431,0.319,0.358,0.254,11,51,90.2,23.6,2304,89.2,88.62,26,96,155,-0.6000000000000085,6.32,108,151,120,147,299,323,286,"-0.8","0.8"
251,691023,"Walker, Jordan",251,100,0.155,0.103,0.214,0.259,0.228,0.308,0.228,9,58,91.7,12.9,2280,88.5,88.85,37,133,118,0.4000000000000057,6.52,107,151,123,148,305,323,295,"4.8","-4.8"
251,595281,"Kiermaier, Kevin",251,100,0.193,0.053,0.282,0.246,0.227,0.214,0.188,11,57,82.9,-5.7,2267,88.8,88.85,42,127,124,0,6.43,112,145,104,151,284,319,294,"4.4","-4.4"
248,592626,"Pederson, Joc",248,100,0.326,0.233,0.308,0.558,0.444,0.424,0.306,14,43,91.2,9.9,2140,90.6,91.01,17,101,147,0.4000000000000057,6.51,118,146,122,152,298,329,304,"-3","3"
244,543257,"Grossman, Robbie",244,100,0.178,0.022,0.267,0.2,0.257,0.302,0.218,8,45,88,14.8,2269,88.4,88.9,20,89,155,0.5,6.58,116,147,118,150,288,316,291,"4.3","-4.3"
243,663886,"Stephenson, Tyler",243,100,0.193,0.193,0.2,0.386,0.301,0.37,0.25,11,57,92.7,6.8,2203,88.9,89.03,17,91,152,0.09999999999999432,6.41,104,149,120,146,298,323,288,"-1.3","1.3"
243,677942,"Alexander, Blaze",243,100,0.321,0.245,0.389,0.566,0.413,0.303,0.234,17,53,87.4,7.1,2284,88.4,88.71,25,114,129,0.29999999999999716,6.39,109,150,114,146,304,326,291,"-4.8","4.8"
240,650859,"Rengifo, Luis",240,100,0.297,0.078,0.358,0.375,0.315,0.229,0.211,19,64,84.5,-1.2,2204,87.5,87.75,25,136,104,0.29999999999999716,6.56,112,146,112,150,286,318,300,"2.1","-2.1"
237,666160,"Moniak, Mickey",237,100,0.135,0.077,0.171,0.212,0.191,0.249,0.179,7,52,83.1,24.6,2244,87.2,87.25,31,123,114,0,6.47,110,146,108,151,292,323,303,"6.4","-6.4"
237,668942,"Rojas, Josh",237,100,0.306,0.122,0.368,0.429,0.365,0.354,0.282,15,49,86.7,15.6,2161,88.9,89.22,20,98,139,0.29999999999999716,6.47,116,147,108,151,290,321,297,"0.5","-0.5"
236,678554,"Mead, Curtis",236,100,0.226,0,0.292,0.226,0.248,0.273,0.216,14,62,88.4,17,2283,88.4,88.34,30,127,109,-0.10000000000000853,6.45,108,152,122,149,304,326,289,"6.1","-6.1"
235,624428,"Frazier, Adam",235,100,0.184,0.041,0.22,0.224,0.277,0.323,0.234,9,49,82.5,7.8,2268,89.9,90.32,15,95,140,0.3999999999999915,6.52,116,146,107,150,287,319,301,"1.1","-1.1"
234,663837,"Vierling, Matt",234,100,0.258,0.097,0.326,0.355,0.284,0.317,0.293,16,62,91.2,20.6,2250,89.2,88.24,20,104,130,-1,6.52,107,150,113,146,299,323,290,"5.6","-5.6"
232,687401,"Ortiz, Joey",232,100,0.279,0.07,0.343,0.349,0.344,0.293,0.23,12,43,87.4,9.5,2332,87.7,88.03,11,89,143,0.29999999999999716,6.56,105,150,118,148,305,319,283,"-2.1","2.1"
232,664728,"Isbel, Kyle",232,100,0.188,0.109,0.2,0.297,0.227,0.263,0.22,12,64,87.9,6.2,2277,88.4,88.97,18,115,117,0.5999999999999943,6.59,118,147,108,152,292,321,304,"2.8","-2.8"
230,680700,"Palacios, Richie",230,100,0.286,0.163,0.364,0.449,0.387,0.384,0.293,14,49,87.6,10.5,2192,89.3,88.94,24,103,127,-0.3999999999999915,6.36,117,147,104,151,289,325,301,"-5","5"
230,663368,"Perkins, Blake",230,100,0.309,0.164,0.385,0.473,0.384,0.309,0.251,17,55,87.7,5.8,2324,89.2,89.43,31,97,133,0.20000000000000284,6.48,116,147,103,151,293,319,293,"-2","2"
230,656811,"O'Hearn, Ryan",230,100,0.281,0.298,0.255,0.579,0.406,0.53,0.382,16,57,93.6,14.8,2211,88,87.81,20,92,138,-0.20000000000000284,6.47,117,146,129,152,297,327,300,"-4.7","4.7"
228,658668,"Olivares, Edward",228,100,0.255,0.196,0.27,0.451,0.336,0.43,0.375,13,51,87.7,12,2172,89.3,89.68,29,122,106,0.4000000000000057,6.56,105,150,118,145,302,318,290,"1.4","-1.4"
228,669289,"Espinal, Santiago",228,100,0.178,0.089,0.189,0.267,0.245,0.247,0.198,8,45,85.5,2.3,2194,88.6,88.79,11,98,130,0.20000000000000284,6.47,108,149,111,146,298,319,283,"3.4","-3.4"
227,687363,"Scott II, Victor",227,100,0.085,0.051,0.109,0.136,0.131,0.204,0.158,5,59,86.9,14,2235,89.1,89.44,28,117,110,0.30000000000001137,6.51,107,145,94,149,282,313,299,"7.8","-7.8"
226,672284,"Kelenic, Jarred",226,100,0.319,0.064,0.5,0.383,0.356,0.32,0.267,15,47,87.5,14.9,2266,87.6,87.76,41,118,108,0.20000000000000284,6.44,119,145,114,151,291,322,296,"-0.5","0.5"
224,573262,"Yastrzemski, Mike",224,100,0.208,0.063,0.281,0.271,0.259,0.285,0.226,10,48,84.5,11.6,2216,88.3,88.64,24,89,135,0.29999999999999716,6.55,114,144,108,149,295,321,302,"-0.1","0.1"
224,646240,"Devers, Rafael",224,100,0.188,0.188,0.194,0.375,0.323,0.374,0.236,9,48,89.5,17.8,2276,88.9,88.94,30,111,113,0,6.36,115,145,131,150,287,324,309,"-0.3","0.3"
224,671056,"Herrera, Iván",224,100,0.229,0.188,0.235,0.417,0.31,0.362,0.232,11,48,91.3,11.8,2262,89.2,88.33,27,95,129,-0.9000000000000057,6.52,104,150,120,146,302,320,289,"2.1","-2.1"
224,679032,"Rojas, Johan",224,100,0.267,0.067,0.32,0.333,0.305,0.247,0.208,16,60,77.6,7.1,2342,88.4,88.63,27,108,116,0.19999999999998863,6.41,100,148,100,145,297,319,283,"0.1","-0.1"
223,642180,"Wade, Tyler",223,100,0.229,0.021,0.306,0.25,0.277,0.325,0.276,11,48,78.7,1.8,2191,89.7,89.91,20,95,128,0.20000000000000284,6.57,107,145,99,151,282,313,296,"0.5","-0.5"
222,657656,"Laureano, Ramón",222,100,0.174,0.065,0.286,0.239,0.285,0.292,0.191,8,46,89.7,15.4,2233,89.1,89.24,30,91,131,0.10000000000000853,6.37,108,149,117,145,294,316,290,"0.5","-0.5"
222,686823,"Brennan, Will",222,100,0.246,0.158,0.255,0.404,0.306,0.331,0.283,14,57,87.5,10.3,2198,89.1,89.18,21,124,98,0.10000000000000853,6.38,115,145,112,150,284,317,299,"0.5","-0.5"
219,682626,"Alvarez, Francisco",219,100,0.236,0.127,0.3,0.364,0.292,0.248,0.203,13,55,87.8,4.8,2257,88.2,86.14,39,112,107,-2.1000000000000085,6.67,107,148,118,144,302,325,292,"1.1","-1.1"
217,657557,"DeJong, Paul",217,100,0.216,0.255,0.308,0.471,0.318,0.243,0.179,11,51,88.6,24,2279,88.7,87.5,45,122,95,-1.2000000000000028,6.55,106,151,120,146,297,321,285,"4","-4"
214,592178,"Bryant, Kris",214,100,0.149,0.106,0.214,0.255,0.255,0.277,0.176,7,47,89.3,25.2,2229,88.2,88.79,46,109,105,0.5999999999999943,6.51,109,151,120,146,303,323,291,"3","-3"
214,663527,"Nevin, Tyler",214,100,0.292,0.021,0.368,0.313,0.319,0.321,0.25,14,48,87.6,4.2,2274,88.9,89.26,25,103,111,0.3999999999999915,6.54,108,152,121,147,301,321,292,"0.8","-0.8"
213,624512,"McGuire, Reese",213,100,0.25,0.146,0.333,0.396,0.315,0.335,0.263,12,48,86.5,10.7,2314,87.5,87.62,29,90,123,0.09999999999999432,6.43,116,145,106,150,285,320,304,"0.1","-0.1"
213,669394,"Burger, Jake",213,100,0.228,0.193,0.233,0.421,0.306,0.336,0.239,13,57,89.6,10.6,2211,88.5,88.23,29,104,109,-0.29999999999999716,6.45,106,151,120,147,307,324,294,"-1.7","1.7"
212,669397,"Allen, Nick",212,100,0.19,0.034,0.256,0.224,0.225,0.255,0.228,11,58,82.3,8.1,2221,88.1,88.43,26,102,110,0.30000000000001137,6.57,108,151,104,148,296,309,280,"3.7","-3.7"
212,669911,"Toglia, Michael",212,100,0.106,0.255,0.043,0.362,0.22,0.287,0.186,5,47,91.5,15.5,2212,88.6,89.19,32,105,107,0.6000000000000085,6.55,109,145,119,150,294,328,297,"5.1","-5.1"
210,621466,"Stewart, DJ",210,100,0.19,0.262,0.185,0.452,0.365,0.357,0.189,8,42,91.2,12.7,2222,89.6,89.83,23,79,131,0.20000000000000284,6.54,118,146,123,151,290,322,299,"-2.6","2.6"
208,702358,"Lipscomb, Trey",208,100,0.224,0.061,0.263,0.286,0.258,0.267,0.237,11,49,85.3,-7.5,2249,88.2,88.44,22,103,105,0.20000000000000284,6.48,105,147,117,147,295,312,286,"4","-4"
207,664238,"Moore, Dylan",207,100,0.179,0.154,0.214,0.333,0.306,0.299,0.168,7,39,89.6,31,2135,88.6,89.17,16,76,131,0.6000000000000085,6.55,107,152,117,147,303,322,291,"3.2","-3.2"
207,686554,"Dunn, Oliver",207,100,0.22,0.12,0.323,0.34,0.271,0.272,0.224,11,50,87.4,9.1,2229,90.2,90.43,33,98,109,0.20000000000000284,6.48,111,145,107,151,292,320,297,"3.7","-3.7"
207,656896,"Rivera, Emmanuel",207,100,0.233,0,0.303,0.233,0.27,0.312,0.246,10,43,90.8,13.2,2278,87.7,87.44,19,89,118,-0.29999999999999716,6.31,107,152,123,148,301,321,287,"2.3","-2.3"
206,667670,"Rooker, Brent",206,100,0.178,0.289,0.211,0.467,0.311,0.309,0.19,8,45,91,26,2254,87.5,87.71,41,100,106,0.20000000000000284,6.48,108,153,125,147,298,320,294,"1.8","-1.8"
202,624431,"Trevino, Jose",202,100,0.25,0.075,0.273,0.325,0.305,0.297,0.234,10,40,87.7,16.4,2285,89.5,89.57,10,74,128,0.09999999999999432,6.42,103,149,117,144,294,314,279,"0.8","-0.8"
202,622569,"Reyes, Pablo",202,100,0.167,0.042,0.25,0.208,0.198,0.224,0.187,8,48,87.5,15.2,2203,88.4,88.58,16,82,120,0.19999999999998863,6.46,106,148,110,145,295,316,294,"5.5","-5.5"
202,664983,"McCarthy, Jake",202,100,0.3,0.06,0.385,0.36,0.31,0.268,0.24,15,50,82.2,9.9,2166,88.6,88.83,26,109,93,0.20000000000000284,6.42,117,146,105,152,292,323,304,"-2.5","2.5"
201,605204,"Davis, J.D.",201,100,0.196,0.176,0.242,0.373,0.28,0.273,0.205,10,51,92.2,2.7,2133,89.3,89.69,45,110,91,0.4000000000000057,6.59,106,151,122,146,305,324,294,"4.7","-4.7"
201,656180,"Adams, Riley",201,100,0.273,0.227,0.323,0.5,0.351,0.361,0.268,12,44,89.7,10.5,2264,88.7,89.13,30,106,95,0.3999999999999915,6.53,106,150,121,146,302,317,292,"-0.1","0.1"
200,592696,"Rosario, Eddie",200,100,0.12,0.1,0.135,0.22,0.176,0.189,0.14,6,50,87.4,8.4,2248,88.1,88.06,29,105,95,0,6.46,112,144,113,150,288,315,297,"7.1","-7.1"
198,660821,"Sánchez, Jesús",198,100,0.218,0.055,0.289,0.273,0.244,0.319,0.262,12,55,95.7,0.3,2287,89.3,89.32,36,114,84,0,6.37,119,148,119,152,292,321,303,"1.2","-1.2"
197,605361,"Martini, Nick",197,100,0.196,0.235,0.219,0.431,0.281,0.277,0.222,10,51,87.3,12.8,2125,89.5,89.69,33,107,90,0.20000000000000284,6.44,111,144,118,149,284,321,297,"-4.4","4.4"
195,624503,"Gordon, Nick",195,100,0.22,0.22,0.229,0.44,0.303,0.318,0.261,11,50,86.1,8.1,2288,89.3,89.43,36,115,80,0.10000000000000853,6.43,113,147,110,152,290,318,302,"-3","3"
194,621438,"Taylor, Tyrone",194,100,0.318,0.114,0.394,0.432,0.347,0.316,0.277,14,44,84.8,17.9,2223,87.9,88.33,20,91,103,0.3999999999999915,6.65,106,150,117,145,298,321,286,"-1.1","1.1"
194,668670,"Rogers, Jake",194,100,0.119,0.071,0.174,0.19,0.186,0.267,0.186,5,42,91.5,18.9,2219,89.1,88.51,34,86,108,-0.5999999999999943,6.51,107,152,120,148,300,324,290,"3.2","-3.2"
193,621035,"Taylor, Chris",193,100,0.051,0,0.095,0.051,0.155,0.242,0.142,2,39,84.5,15.5,2188,89,89.36,41,100,93,0.4000000000000057,6.5,110,150,117,145,299,315,291,"3.8","-3.8"
191,592885,"Yelich, Christian",191,100,0.333,0.41,0.308,0.744,0.491,0.46,0.346,13,39,90.4,11.7,2229,89.9,89.65,21,88,103,-0.20000000000000284,6.58,113,146,122,151,292,321,298,"-6.8","6.8"
190,641584,"Fraley, Jake",190,100,0.362,0.149,0.444,0.511,0.414,0.316,0.274,17,47,84.5,9.8,2156,88.7,89.06,21,103,87,0.3999999999999915,6.49,119,146,119,152,285,321,296,"-5.5","5.5"
189,571771,"Hernández, Enrique",189,100,0.208,0.063,0.237,0.271,0.228,0.305,0.25,10,48,89.8,15.2,2133,88.3,87.81,22,101,88,-0.5,6.63,104,150,119,146,303,315,291,"3.7","-3.7"
189,669224,"Wells, Austin",189,100,0.086,0,0.103,0.086,0.196,0.379,0.231,3,35,84.1,19.9,2239,87.8,87.81,22,90,99,0,6.41,110,144,119,148,284,318,295,"5.4","-5.4"
188,660162,"Moncada, Yoán",188,100,0.282,0.128,0.379,0.41,0.347,0.317,0.27,11,39,90.2,5.9,2245,88.7,88.65,20,86,102,-0.10000000000000853,6.53,119,146,120,151,290,321,298,"0.5","-0.5"
188,570482,"Urshela, Gio",188,100,0.298,0.035,0.362,0.333,0.289,0.299,0.306,17,57,84.3,12.3,2267,88.2,88.31,26,105,83,0.09999999999999432,6.47,110,151,119,147,298,320,285,"1.6","-1.6"
186,643289,"Dubón, Mauricio",186,100,0.294,0.118,0.311,0.412,0.326,0.268,0.247,15,51,89.4,11.4,2246,89.3,89.44,15,103,83,0.10000000000000853,6.5,109,150,113,146,295,319,287,"-3.4","3.4"
186,657136,"Wong, Connor",186,100,0.32,0.2,0.394,0.52,0.367,0.253,0.229,16,50,84.8,22.8,2229,88.6,88.59,33,111,75,0,6.3,106,151,113,147,296,320,294,"-1.2","1.2"
184,594807,"Duvall, Adam",184,100,0.216,0.189,0.24,0.405,0.324,0.376,0.248,8,37,88.5,20.9,2262,90.1,90.21,13,80,104,0.10000000000000853,6.47,107,152,121,146,300,322,293,"-1.5","1.5"
183,677649,"Duran, Ezequiel",183,100,0.225,0.025,0.333,0.25,0.266,0.258,0.203,9,40,89.1,11.9,2209,87.9,88.02,27,96,87,0.09999999999999432,6.43,107,151,114,147,305,328,291,"1.9","-1.9"
183,621043,"Correa, Carlos",183,100,0.306,0.139,0.385,0.444,0.397,0.401,0.302,11,36,90,7.7,2295,89.3,89.71,20,81,102,0.4000000000000057,6.62,109,151,123,147,303,324,296,"-3.4","3.4"
182,666163,"Rortvedt, Ben",182,100,0.316,0.053,0.462,0.368,0.359,0.331,0.268,12,38,88.7,15.1,2255,90.4,90.53,25,86,96,0.09999999999999432,6.45,112,144,111,149,289,325,298,"-1","1"
182,676475,"Burleson, Alec",182,100,0.255,0.039,0.31,0.294,0.27,0.357,0.325,13,51,91,10.4,2182,89.7,90.3,20,107,75,0.5999999999999943,6.65,113,146,112,151,295,322,304,"2.9","-2.9"
181,622534,"Margot, Manuel",181,100,0.171,0.073,0.214,0.244,0.249,0.293,0.228,7,41,81.1,9.6,2231,88.1,88.59,25,82,99,0.5,6.57,110,152,109,147,304,322,286,"3.9","-3.9"
180,663457,"Nootbaar, Lars",180,100,0.216,0.135,0.233,0.351,0.32,0.429,0.33,8,37,89,-1.7,2234,88.1,88.46,10,62,118,0.4000000000000057,6.55,116,148,110,151,299,323,299,"-0.7","0.7"
179,681807,"Fry, David",179,100,0.303,0.182,0.391,0.485,0.404,0.38,0.278,10,33,88.4,23.2,2299,86.8,86.13,15,69,110,-0.7000000000000028,6.2,111,150,119,147,292,316,289,"-6","6"
178,541645,"García, Avisaíl",178,100,0.229,0.146,0.265,0.375,0.273,0.296,0.252,11,48,86.4,1.7,2199,88.5,88.41,30,106,72,-0.09999999999999432,6.33,109,151,122,148,304,323,292,"3.4","-3.4"
177,643265,"Cooper, Garrett",177,100,0.27,0.162,0.391,0.432,0.345,0.37,0.287,10,37,87.4,12.9,2285,89.7,89.69,25,79,98,0,6.39,108,151,123,147,304,323,294,"-2.5","2.5"
176,656413,"Fairchild, Stuart",176,100,0.229,0.021,0.275,0.25,0.261,0.324,0.274,11,48,83.6,17.8,2151,89,89.11,30,91,85,0.09999999999999432,6.42,107,151,112,147,298,322,287,"-0.6","0.6"
171,696285,"Young, Jacob",171,100,0.267,0.044,0.324,0.311,0.286,0.274,0.248,12,45,77.6,0.4,2222,88.4,88.81,12,85,86,0.3999999999999915,6.52,105,150,104,148,298,311,284,"1.7","-1.7"
170,650907,"Pinto, René",170,100,0.211,0.211,0.3,0.421,0.307,0.326,0.19,8,38,90.9,26.2,2201,89.3,89.33,37,85,85,0,6.48,107,151,120,146,305,329,290,"0.7","-0.7"
170,455117,"Maldonado, Martín",170,100,0.048,0.024,0.077,0.071,0.082,0.196,0.145,2,42,85.4,23.2,2328,88.3,88.6,25,78,92,0.29999999999999716,6.5,104,151,118,146,295,320,284,"6.4","-6.4"
169,656716,"McKinstry, Zach",169,100,0.2,0,0.304,0.2,0.24,0.307,0.243,7,35,89.5,18.3,2334,87.9,88.12,23,76,93,0.19999999999998863,6.56,114,146,108,153,290,322,295,"2.6","-2.6"
167,668885,"Martin, Austin",167,100,0.244,0.156,0.27,0.4,0.307,0.307,0.291,11,45,87.6,13.8,2302,90.1,90.58,13,78,89,0.5,6.6,109,150,114,146,305,324,285,"1.6","-1.6"
167,608348,"Kelly, Carson",167,100,0.205,0.091,0.235,0.295,0.241,0.34,0.269,9,44,92.3,17.7,2343,89.3,89.47,21,78,89,0.20000000000000284,6.56,112,152,121,147,299,320,288,"3.3","-3.3"
166,545121,"Vargas, Ildemaro",166,100,0.297,0.108,0.324,0.405,0.372,0.335,0.262,11,37,88.3,4.3,2177,88.6,88.89,5,64,102,0.30000000000001137,6.45,106,147,108,149,289,310,292,"-1.3","1.3"
164,669720,"Hays, Austin",164,100,0.111,0,0.147,0.111,0.15,0.286,0.232,5,45,87.1,6.1,2230,90,90.3,23,79,85,0.29999999999999716,6.51,107,151,118,147,312,326,293,"5.3","-5.3"
162,672356,"Arias, Gabriel",162,100,0.298,0.17,0.406,0.468,0.341,0.293,0.249,14,47,89.9,14.4,2235,88.6,88.46,31,105,57,-0.09999999999999432,6.24,111,151,117,145,288,316,296,"-1","1"
162,664314,"Florial, Estevan",162,100,0.243,0.27,0.368,0.514,0.369,0.261,0.167,9,37,81.8,10,2266,87.9,87.95,30,82,80,0.09999999999999432,6.27,111,144,114,150,284,320,302,"-4.7","4.7"
162,543877,"Vázquez, Christian",162,100,0.15,0.075,0.172,0.225,0.174,0.263,0.226,6,40,88.2,12.9,2318,88.6,88.49,20,81,81,-0.09999999999999432,6.64,109,149,121,146,302,321,284,"5","-5"
161,571657,"Farmer, Kyle",161,100,0.073,0.024,0.097,0.098,0.168,0.248,0.171,3,41,81.1,6.1,2207,89.5,89.87,13,69,92,0.4000000000000057,6.56,110,151,119,147,300,323,290,"7","-7"
158,676391,"Clement, Ernie",158,100,0.295,0.205,0.289,0.5,0.348,0.331,0.296,13,44,85.8,15.3,2232,89.2,89.15,17,98,60,0,6.45,108,150,110,146,295,318,278,"2.7","-2.7"
157,663743,"Fortes, Nick",157,100,0.109,0.043,0.122,0.152,0.151,0.247,0.222,5,46,81.5,7.3,2281,87.6,87.48,7,73,84,-0.09999999999999432,6.33,108,150,118,148,303,319,288,"2.6","-2.6"
154,545341,"Grichuk, Randal",154,100,0.25,0.175,0.257,0.425,0.315,0.268,0.213,10,40,89.7,16.4,2221,88.2,88.7,14,72,82,0.5,6.58,107,151,122,147,306,327,297,"-0.7","0.7"
154,676694,"Meyers, Jake",154,100,0.227,0.25,0.219,0.477,0.33,0.354,0.268,10,44,90,17.3,2286,87.7,87.88,28,77,77,0.20000000000000284,6.56,112,152,112,148,298,325,291,"-0.7","0.7"
153,666023,"Fermin, Freddy",153,100,0.194,0.028,0.219,0.222,0.213,0.231,0.2,7,36,87.2,22,2273,89.3,90.03,16,83,70,0.7000000000000028,6.69,111,152,121,148,302,322,295,"2.8","-2.8"
152,641343,"Bauers, Jake",152,100,0.167,0.167,0.24,0.333,0.248,0.254,0.191,7,42,88.9,26.2,2278,90.2,90.43,21,72,80,0.20000000000000284,6.47,117,145,120,151,295,322,297,"0.4","-0.4"
150,666176,"Adell, Jo",150,100,0.314,0.257,0.346,0.571,0.4,0.448,0.361,11,35,86.2,14,2258,88.5,88.68,21,81,69,0.20000000000000284,6.52,106,148,119,142,304,322,294,"-0.7","0.7"
150,665804,"Amaya, Miguel",150,100,0.273,0.159,0.333,0.432,0.341,0.346,0.293,12,44,89.6,3.2,2223,89,89.09,22,88,62,0.09999999999999432,6.41,110,149,122,145,298,321,292,"-0.7","0.7"
148,666915,"Dalbec, Bobby",148,100,0.031,0.031,0.071,0.063,0.097,0.158,0.105,1,32,83.3,4.7,2150,87.7,87.76,30,66,82,0.09999999999999432,6.34,107,151,120,148,301,323,296,"7.4","-7.4"
148,702616,"Holliday, Jackson",148,100,0.059,0,0.125,0.059,0.089,0.155,0.116,2,34,87.3,4.4,2192,88.2,88.5,29,59,89,0.29999999999999716,6.52,117,146,116,151,298,325,302,"6.2","-6.2"
146,593160,"Merrifield, Whit",146,100,0.143,0.086,0.129,0.229,0.192,0.224,0.206,5,35,78,15.8,2348,90.2,90.49,11,77,69,0.29999999999999716,6.5,105,151,113,148,300,315,280,"3.5","-3.5"
146,672820,"Sosa, Lenyn",146,100,0.132,0.053,0.2,0.184,0.153,0.262,0.231,5,38,86.2,0.8,2252,88.2,88.75,19,67,79,0.5,6.61,106,150,115,147,295,315,281,"6","-6"
144,602104,"Urías, Ramón",144,100,0.194,0.028,0.226,0.222,0.2,0.2,0.176,7,36,82.9,0.3,2197,89.1,89.09,17,72,72,0,6.34,110,150,119,146,309,322,291,"1.7","-1.7"
144,650391,"Jiménez, Eloy",144,100,0.216,0.162,0.222,0.378,0.303,0.32,0.248,8,37,87.3,6.7,2256,87.6,85.45,16,70,74,-2.1999999999999886,6.63,107,150,121,146,300,324,286,"-0.6","0.6"
142,596142,"Sánchez, Gary",142,100,0.167,0.194,0.143,0.361,0.253,0.368,0.257,6,36,88.7,17,2333,86.9,87.16,14,59,83,0.29999999999999716,6.52,103,152,122,145,309,325,295,"2.6","-2.6"
142,670042,"Raley, Luke",142,100,0.205,0.077,0.32,0.282,0.226,0.208,0.201,8,39,86.4,15.8,2201,88.4,88.8,27,83,59,0.3999999999999915,6.47,113,145,112,151,299,325,297,"4.7","-4.7"
141,621028,"Newman, Kevin",141,100,0.189,0.135,0.2,0.324,0.236,0.232,0.214,7,37,86.5,8.8,2286,88.1,88.46,7,74,67,0.4000000000000057,6.47,107,147,112,143,304,321,289,"0.4","-0.4"
139,666152,"Hamilton, David",139,100,0.182,0.121,0.263,0.303,0.253,0.261,0.213,6,33,87,6.1,2246,87.6,87.11,21,53,86,-0.5,6.43,111,145,108,152,278,318,305,"3.2","-3.2"
138,669304,"Miranda, Jose",138,100,0.212,0.121,0.24,0.333,0.266,0.236,0.184,7,33,91.2,14.3,2250,88.7,89.16,12,68,70,0.5,6.54,111,151,122,146,303,328,292,"2","-2"
137,670242,"Wallner, Matt",137,100,0.08,0.16,0.125,0.24,0.255,0.269,0.123,2,25,86.1,14.4,2306,87.8,88.51,32,58,79,0.7000000000000028,6.69,118,145,135,152,294,329,300,"0.1","-0.1"
136,666703,"Rosario, Eguy",136,100,0.265,0.324,0.333,0.588,0.385,0.263,0.188,9,34,88.3,11.4,2163,88.7,88.82,25,62,74,0.09999999999999432,6.45,107,152,120,147,302,319,294,"0.5","-0.5"
135,686676,"Lee, Korey",135,100,0.243,0.135,0.286,0.378,0.294,0.287,0.224,9,37,81.2,2,2292,88,88.48,24,77,58,0.5,6.52,105,151,120,147,298,319,284,"2.4","-2.4"
133,572138,"Singleton, Jon",133,100,0.229,0.057,0.32,0.286,0.276,0.295,0.242,8,35,87.7,11,2328,88.6,88.82,11,54,79,0.20000000000000284,6.48,122,147,132,153,291,328,297,"4.6","-4.6"
131,553882,"Narváez, Omar",131,100,0.188,0.063,0.214,0.25,0.223,0.248,0.215,6,32,84.8,15.2,2181,88.6,88.89,9,66,65,0.30000000000001137,6.46,122,148,123,152,278,315,297,"1.9","-1.9"
131,686527,"Canzone, Dominic",131,100,0.219,0.313,0.222,0.531,0.354,0.387,0.283,7,32,90.3,8.6,2173,87.4,87.9,26,66,65,0.5,6.67,112,146,114,151,288,319,291,"-1.3","1.3"
130,596103,"Slater, Austin",130,100,0.083,0,0.111,0.083,0.183,0.307,0.225,2,24,89.2,8.4,2090,88.4,88.51,15,54,76,0.09999999999999432,6.46,103,150,114,145,302,318,291,"5","-5"
127,679845,"Loftin, Nick",127,100,0.276,0,0.32,0.276,0.306,0.307,0.255,8,29,82.4,12,2246,88.7,89.25,12,51,76,0.5,6.58,111,149,119,144,303,322,295,"-1","1"
126,608596,"Murphy, Tom",126,100,0.077,0.038,0.125,0.115,0.166,0.238,0.144,2,26,87.4,5,2212,88,88.04,18,52,74,0,6.43,109,150,122,144,298,320,293,"3.4","-3.4"
126,543228,"Gomes, Yan",126,100,0.176,0.118,0.25,0.294,0.206,0.236,0.205,6,34,85.2,14.9,2302,89.9,89.95,29,80,46,0.10000000000000853,6.42,106,150,122,146,298,317,291,"3.3","-3.3"
125,687231,"Hernaiz, Darell",125,100,0.103,0,0.15,0.103,0.128,0.225,0.181,3,29,82.9,4.7,2216,87.8,88.12,19,62,63,0.29999999999999716,6.58,108,151,111,146,301,319,292,"3.7","-3.7"
125,649966,"Urías, Luis",125,100,0.16,0.24,0.231,0.4,0.318,0.315,0.201,4,25,89.6,25.9,2086,88,88.55,18,63,62,0.5999999999999943,6.63,104,152,117,145,298,317,288,"-2.3","2.3"
123,596115,"Story, Trevor",123,100,0.226,0.097,0.318,0.323,0.268,0.214,0.172,7,31,88.1,21.6,2215,90.2,90.33,18,59,64,0.09999999999999432,6.37,102,149,118,142,299,322,291,"1.5","-1.5"
121,669699,"Shewmake, Braden",121,100,0.143,0.114,0.129,0.257,0.184,0.248,0.216,5,35,89,17.5,2291,88.5,88.89,14,60,61,0.4000000000000057,6.54,114,145,104,151,287,320,296,"5.2","-5.2"
121,672279,"Siani, Michael",121,100,0.167,0.083,0.222,0.25,0.286,0.275,0.167,4,24,76.9,-7.8,2200,87.5,87.87,9,50,71,0.4000000000000057,6.54,114,146,101,148,291,319,299,"2.3","-2.3"
120,571912,"Maile, Luke",120,100,0.12,0.12,0.133,0.24,0.231,0.256,0.174,3,25,84.4,13.6,2201,90.6,91.08,14,58,62,0.5,6.65,110,151,123,147,299,321,289,"1.2","-1.2"
118,500743,"Rojas, Miguel",118,100,0.281,0.219,0.28,0.5,0.362,0.318,0.293,9,32,86.1,3.4,2092,88.6,89.18,11,50,68,0.6000000000000085,6.67,112,152,118,148,302,314,289,"-0.9","0.9"
116,596146,"Kepler, Max",116,100,0.143,0.036,0.2,0.179,0.162,0.167,0.143,4,28,89.9,25.5,2209,88.8,89.03,15,62,54,0.20000000000000284,6.61,117,146,126,152,296,321,299,"2.2","-2.2"
116,607680,"Pillar, Kevin",116,100,0.15,0.1,0.231,0.25,0.28,0.285,0.15,3,20,81,29.1,2250,87.5,85.47,19,56,60,-2,6.57,109,150,114,145,294,321,287,"0.9","-0.9"
114,622761,"Mateo, Jorge",114,100,0.269,0.154,0.389,0.423,0.33,0.295,0.243,7,26,85.7,14.7,2148,88.6,88.78,11,55,59,0.20000000000000284,6.5,108,151,107,147,315,324,292,"-1.9","1.9"
114,605170,"Caratini, Victor",114,100,0.276,0.172,0.333,0.448,0.316,0.26,0.25,8,29,91,6.9,2183,88.4,88.47,12,58,56,0.09999999999999432,6.44,116,147,120,150,289,324,296,"-1.5","1.5"
114,641658,"Hampson, Garrett",114,100,0.207,0.034,0.375,0.241,0.216,0.19,0.167,6,29,78.1,22.3,2274,87.6,88.04,17,60,54,0.4000000000000057,6.54,103,150,106,147,306,322,290,"2.9","-2.9"
113,672761,"Pérez, Wenceel",113,100,0.304,0.217,0.5,0.522,0.382,0.298,0.253,7,23,88.1,24.1,2258,89.6,89.21,14,57,56,-0.3999999999999915,6.65,111,144,114,149,289,319,289,"-0.7","0.7"
113,595978,"Hedges, Austin",113,100,0.12,0.04,0.188,0.16,0.119,0.117,0.121,3,25,80.1,20.3,2162,89,88.68,20,65,48,-0.29999999999999716,6.12,101,146,114,142,292,315,290,"4.4","-4.4"
110,666149,"Fitzgerald, Tyler",110,100,0.273,0.182,0.5,0.455,0.347,0.292,0.244,6,22,89.2,19.6,2147,84.4,84.11,16,46,64,-0.30000000000001137,6.23,105,152,111,146,300,317,288,"-0.3","0.3"
109,675961,"Williams, Alika",109,100,0.333,0.185,0.429,0.519,0.391,0.279,0.24,9,27,84.7,15.5,2242,90.1,90.45,10,49,60,0.4000000000000057,6.6,99,147,105,145,299,315,283,"-2.5","2.5"
109,672695,"Perdomo, Geraldo",109,100,0.25,0.042,0.286,0.292,0.293,0.32,0.269,6,24,87.8,15,2227,91.1,91.17,2,42,67,0.10000000000000853,6.33,110,148,105,150,294,324,291,"-0.5","0.5"
108,673357,"Robert Jr., Luis",108,100,0.214,0.286,0.267,0.5,0.32,0.361,0.241,6,28,92.4,5.2,2298,87.9,86.62,27,64,44,-1.3000000000000114,6.47,104,147,117,142,306,330,294,"1.5","-1.5"
106,595909,"Cave, Jake",106,100,0.238,0.143,0.313,0.381,0.292,0.214,0.181,5,21,86.2,-2.6,2364,89.5,90.19,8,53,53,0.7000000000000028,6.43,115,144,110,149,295,329,303,"-0.7","0.7"
106,660688,"Ruiz, Keibert",106,100,0.194,0.097,0.2,0.29,0.257,0.277,0.213,6,31,86.5,22.5,2245,88.2,88.39,7,57,49,0.20000000000000284,6.4,115,147,121,149,291,316,286,"2.7","-2.7"
105,663698,"Bart, Joey",105,100,0.316,0.368,0.444,0.684,0.478,0.427,0.277,6,19,93.8,4.7,2287,88.9,89.03,13,33,72,0.09999999999999432,6.4,105,149,118,143,308,324,289,"-1.7","1.7"
104,665923,"Ruiz, Esteury",104,100,0.35,0.45,0.333,0.8,0.507,0.44,0.287,7,20,90.8,19.8,2232,88.9,88.77,9,47,57,-0.10000000000000853,6.27,98,152,102,147,295,311,285,"-2.8","2.8"
102,571466,"Barnhart, Tucker",102,100,0.182,0.045,0.267,0.227,0.224,0.229,0.187,4,22,73.5,-18.7,2223,88.1,88.49,13,42,60,0.4000000000000057,6.49,120,148,112,152,289,323,302,"2.4","-2.4"
102,607054,"Peterson, Jace",102,100,0.045,0,0.059,0.045,0.116,0.251,0.212,1,22,82.6,-12.4,2142,89.7,90.4,15,48,54,0.7000000000000028,6.67,108,146,107,152,296,327,307,"3.6","-3.6"
100,664040,"Lowe, Brandon",100,100,0.185,0.148,0.211,0.333,0.274,0.335,0.242,5,27,90.9,17.2,2175,89.3,89.87,16,56,44,0.6000000000000085,6.5,118,146,110,151,292,331,301,"1.8","-1.8"